id,keyword,location,text,target
8871,smoke,,Be Trynna smoke TJ out but he a hoe,0
6396,hurricane,Berlin - Germany,@lavapixcom Did you see #hurricane #guillermo with #MeteoEarth? http://t.co/mfckpVzfV8,1
5019,eyewitness,canada,Dutch crane collapses demolishes houses: Dramatic eyewitness video captures the moment a Dutch crane hoisting... http://t.co/dYy7ml2NzJ,1
5647,flooding,,@crabbycale OH MY GOD THE MEMORIES ARE FLOODING BACK,0
7367,obliterate,,Time to obliterate this sin!,0
2275,cliff%20fall,,Fall off a cliff please  https://t.co/4vWSL2Gfp0,1
2216,chemical%20emergency,,THE CHEMICAL BROTHERS to play The Armory in SF tomorrow night!: EMERGENCY BAY AREA EDM ANNOUNCEMENT ÛÒ THE CHEM... http://t.co/wBoGs8EjSj,0
10825,wrecked,Global,Cramer: 3 words that wrecked DIS stock - http://t.co/ud7XObYUa1,0
6619,inundated,"Toronto, ON, Canada",inundated with Westeros Between Storm of Swords as a book on tape &amp; finishing S5 of Game of Thrones I don't know my Starks from my Greyjoys.,0
9466,terrorism,,DHS Refuses to Call Chattanooga Û÷Islamic TerrorismÛª out of respect for MUSLIMS ... http://t.co/u8RGB51d22 via @po_st http://t.co/2tnu95VGFE,1
9890,traumatised,"Tring, UK",A traumatised dog that was found buried up to its head in dirt in France is now in safe hands. This is such a... http://t.co/AGQo1479xM,0
4734,evacuate,LA - everywhere,Jay and alexis broke up there goes all your faith and goals people... evacuate yourself,0
298,annihilated,"New York, NY",Uribe just annihilated that baseball. #Mets,0
1269,blood,???,Private thirsty night?SAD BLOOD ROCK'N ROLL? #??,1
1920,burning,,The last few days of summer are supposed to be the most fun so what's more fun then accidentally burning arm hair while playing w/ a lighter,0
1637,bombing,,@moscow_ghost @sayed_ridha @Amin_Akh congratulations on capturing a besieged city after 3 months of indiscriminate bombing by land &amp; air,1
6802,loud%20bang,,@LayLoveTournay @RyroTheUnaware [loud groaning] Let us bang.,0
10009,twister,"Calgary, Alberta",Gail and Russell saw lots of hail at their Dalroy home - they have video of twister 1/2 mile from their home #yyc http://t.co/3VfKEdGrsO,1
7771,police,SoCal,@BrandonMulcahy @fpine Here's the story http://t.co/TgXutUoyHl,0
7628,pandemonium,Miami?Gainesville,If she don't know bout that Pandemonium album #Shestooyoung,0
10554,windstorm,"Austin, Texas",Windstorm board OKs rate hike before change http://t.co/AI6kwOrBbT #politics #txlege #twia,0
9272,sunk,Virginia,im getting a car wow it hasn't sunk in,0
7980,razed,North,@petereallen @HuffPostUK @bbc5live How significant do you think the iconic pic of Church (maybe) ruins and less substantial efforts razed?,0
2498,collided,Hertfordshire ,Well that was a journey to get home! A train collided with cows on the track! ????,1
5824,hail,"Indianapolis, IN",Central Mass. fruit trees escape heavy damage after wind hail http://t.co/VbFfodtP6M,1
3186,deluge,,@FiendNikki 'Deluge' is such an awesome word. No idea why I like it so much,0
7744,panicking,"Manchester, England",why are people panicking about results day though hahahah like worrying is going to change your results,0
2863,damage,Catskills,Cleared:  Accident with property damage on #NY35 EB at NY 100,1
8147,rescuers,#iminchina,VIDEO: 'We're picking up bodies from water' - Rescuers are searching for hundreds of migrants in the Mediterranean... http://t.co/yhQU5UV6Ok,1
6348,hostages,Heathrow,C-130 specially modified to land in a stadium and rescue hostages in Iran in 1980... http://t.co/tNI92fea3u http://t.co/czBaMzq3gL,1
4034,disaster,London,RT @AmznFavorites THE DEVEREAUX DISASTER. 'Exciting scifi #thriller...' http://t.co/Mw9amBgAfq #SciFi #Kindle,0
9729,tragedy,dubai ,"@TOIIndiaNews ofcourse 

Just 8 minute b4 tragedy another train had crossed this place 

N a flash flood caued washing of tracks..",1
3540,derailment,,#ModiMinistry Railway Minister Prabhu calls MP derailment a natural calamity http://t.co/tL41olpAkZ,1
10705,wreck,"SF Bay Area, California / Greater Phoenix, AZ",Anyone know if Fox ÛÏNewsÛ will be live-streaming tonightÛªs Republican debate online? I want to watch the train wreck.,0
4309,dust%20storm,,Dust Storm 'en route' from Alice Springs to Uluru http://t.co/4ilt6FXU45,1
10416,whirlwind,,Last Second OutBid RT? http://t.co/KrNW0Wxhe5 30pcs 12mm Ab Resin Flower Whirlwind Flatback Rhinestone Wedding Decoration ?Please Fa,0
7982,razed,,The Latest: More homes razed by Northern California wildfire - http://t.co/P3g3bQBczu http://t.co/RpBxdfnx5k,1
4823,evacuation,,VIETNAM WAR PATCH US 71st EVACUATION HOSPITAL HIGHLAND MEDICS http://t.co/kIF7M3FQLx http://t.co/Oz6vlWwTNR,1
5403,fire%20truck,,#Philippines Former Township fire truck being used in Philippines: Û_  of emergency equipment in Cebu Philippi...  http://t.co/aL28RVkqPQ,1
8443,screamed,,I slammed my phone to the ground and then screamed ahahahga,0
1188,blizzard,Canada,Blizzard of Auz @ 9 pm CST @RadioRiffRocks / http://t.co/pjLDA9HD5v    2 hrs of Rock to make your hump day complete! http://t.co/3wNjaUaR7w,0
9901,traumatised,Tamworth,@cwheate hahaha I'm half traumatised half hoping my labour is that easy ??,0
4084,displaced,Manila,Philippines Must Protect Internally Displaced Persons Warns UN Expert - The Diplomat http://t.co/V0yRfH9DKc,1
1594,bombed,Tokyo,70 years ago at this hour the USA A-bombed Hiroshima therein killing 200000 civilians. Never forget the crime and never repeat. Peace ??,1
8019,refugees,,./.....hmm 12000 Nigerian refugees repatriated from Cameroon http://t.co/YTW9SlWvmg /(,1
8310,rubble,,ChinaÛªs stock market crash this summer has sparked interest from bargain hunters and bulls betting on a rebound. DÛ_ http://t.co/1yggZziZ9o,0
10466,wild%20fires,"Hartford, Connecticut",Firefighters from Connecticut are headed to California to fight wild fires http://t.co/QWpUxPyWbF http://t.co/8jlXZ6fkxy,1
1893,burning,,Don't be so modest. You certainly... *sniff* *sniiiiiiff* Er Donny? Is something burning?,0
7622,pandemonium,www.facebook.com/stuntfm,Pandemonium In Aba As Woman Delivers Baby Without Face (Photos) - http://t.co/dI5aRr6HQ6,0
5411,first%20responders,,#LukeBox something about first responders/ military they are our true Hero's!! Besides your music,0
8844,smoke,"Arlington, TX",I barely smoke with people i solo all my blunts,0
4182,drown,it's a journey ,Don't think for one second I'm out to drown your memory. Baby you ain't worth the whiskey.,0
1866,burned,,I PUT MY CHICKEN NUGGETS IN THE MICROWAVE FOR 5 MINUTES INTEAD OF 1 ON ACCIDENT AND THEY FUCKING BURNED,0
447,armageddon,"California, United States",#PBBan (Temporary:300) Russaky89 @'aRmageddon | DO NOT KILL | FLAGS ONLY | Fast XP' for Reason,0
3448,derail,"Los Angeles, CA",@GoP establishment is working overtime to derail #DONZILLA... @realDonaldTrump #Trump2016  https://t.co/XVaOQo4EgR,0
3060,deaths,"Voorhees, NJ",1/2 of the deaths in red-light running crashes are pedestrians bicyclists &amp; other vehicle occupants that are hit by the red-light runners.,1
9058,structural%20failure,india,3. excessive engine failure rate significant maintenance constantly emerging structural defects. Phew that's a lot I say.,0
4858,evacuation,"Brisbane, Queensland",Evacuation drill at work. The fire doors wouldn't open so i got to smash the emergency release glass #feelingmanly,0
3888,detonation,,Ignition Knock (Detonation) Sensor-Senso Standard fits 02-06 Acura RSX 2.0L-L4 http://t.co/VZaIQAMDCp http://t.co/ycecN44c8P,0
7561,outbreak,United States,Families to sue over Legionnaires: More than 40 families affected by the fatal outbreak of Legionnaires' disea... http://t.co/VBsj8tniv1,1
10559,windstorm,,@charlesadler Ian Lee's word is like 'A fart in a windstorm'. Such a browner.,0
7552,outbreak,Indonesia,More than 40 families affected by the fatal outbreak of Legionnaires' disease in Edinburgh are to sue two comp... http://t.co/vsoXioOy78,1
4058,displaced,"Ojodu,Lagos",Angry Woman Openly Accuses NEMA Of Stealing Relief Materials Meant For IDPs: An angry Internally Displaced wom... http://t.co/Khd99oZ7u3,0
2570,crash,,Make man pikin crash ??????,1
5136,fatal,"Haddonfield, NJ",Deputies: Dog dispute leads to fatal shooting in Person County http://t.co/OazgHoZGYa #gunfail #nra,1
5007,explosion,,"The insides of the explosion box..
Get it customized the way you want!

#dcubecrafts #greetingcardsÛ_ https://t.co/T07qxP5cBE",0
1898,burning,,If you're bored with life if you don't get up every morning with a burning desire to do things - you don't have enough goals. -Lou Holtz,0
10287,weapon,//RP\ ot @Mort3mer\\,-honey you ain't no angel. You like to scream these words as a weapon. Well go ahead take your best shot woman. I wanna leave you it's,0
9661,tornado,I O W A,@BrrookkllyynnR came through like a tornado and destroyed me. such beautiful words,0
3460,derailed,"Pune, mostly ",#Adani &amp; #Modi plan for mining derailed! Australia court blocks huge India-backed coal mine http://t.co/SjE59U2nNm via @YahooNews,0
3137,debris,Nigeria ,Malaysia confirms plane debris washed up on Reunion Island is from Flight MH370 http://t.co/YS3WALzvjg,1
6374,hostages,,Nigerian Military Rescue 178 Hostages From Boko Haram - Florida Sentinel Bulletin: Florid... http://t.co/KcTiGYMahl #security #terrorism,1
4014,disaster,,My first staining attempt was a disaster https://t.co/buDmKE3nNf,0
3335,demolished,,Take this China get demolished and sent back to the fucking stone age,0
10759,wreckage,Southern California,Malaysian prime minister says Reunion Island wreckage is from MH370: http://t.co/bpTZAMjl2K via @slate,1
7247,nuclear%20disaster,,beforeitsnews : 3 former executives to be prosecuted in Fukushima nuclear disaster Û_ http://t.co/FgVN2vCrrX) http://t.co/kftVNU7nvf,1
6697,landslide,,@Morning_Joe @Reince @PressSec Joe ur so smart u should run 4 president Ur perfect !The American people love assholes u'd win by a landslide,0
1824,burned,,What progress we are making.  In the Middle Ages they would have burned me.  Now they are content with burning my books.  -Sigmund Freud,0
2591,crash,,Photoshop CS6 Crash Course http://t.co/cVGJFPBtrn #course http://t.co/UgYeGkFs4x,0
9277,sunk,Wisconsin,The courtÛªs reputation and prestige has sunk ever lower and Prosser who has served on the court since 1998 has... http://t.co/H09nYdbzoV,0
4771,evacuated,,More than 300 campers evacuated as California wildfire blazes on officials say http://t.co/wwgAdpFFkW,1
8035,refugees,,...//..// whao.. 12000 Nigerian refugees repatriated from Cameroon http://t.co/HuhWPmryWz,1
8264,rioting,Upstate New York,I think Twitter was invented to keep us insomniacs from rioting in the wee small hours.,0
7428,obliterated,"Danbury, CT",Uribe just obliterated a baseball.,0
2136,catastrophe,,12 Month Payday Short Catastrophe Loans - Promote Finance Your Desire lIQd,0
7316,nuclear%20reactor,Japan,Nuclear-Deal: Indo-Japan pact lies at the heart of two US reactor-based projects: If Japan were to go ahead an...  http://t.co/XKURDr3yEv,1
777,avalanche,,Free Ebay Sniping RT? http://t.co/RqIPGQslT6 Chevrolet : Avalanche Ltz Lifted 4x4 Truck ?Please Favorite &amp; Share,0
3510,derailment,Coimbatore,#TeamFollowBack Madhya Pradesh Train Derailment: Village Youth Saved Many Lives  #FollowBack,1
9887,traumatised,,@Jude_Mugabi not that all abortions get you traumatised. At times you are okay with the decision due to reasons like rape,0
5293,fear,Alliston Ontario,@ScottDPierce @billharris_tv @HarrisGle @Beezersun I'm forfeiting this years fantasy football pool out of fear I may win n get my ass kicked,0
2625,crashed,"Victoria, Tx.",Intact+MH370+Part+Lifts+Odds+Plane+Glided+Not+Crashed+Into+Sea http://t.co/MjTN3qbgOS via @YahooFinance#Hope for answers.,1
9280,sunk,,@ShekharGupta @mihirssharma high time TV channels realised what levels they have sunk for TRP and ads.it has become a mockery,0
10666,wounds,Cape Town,and I thought my surgical wounds were healed!!! this weather ain't helping either ):,0
6017,hazardous,,Caution: breathing may be hazardous to your health.,0
5927,harm,,@news4buffalo yes a lot more harm then good if there are guardrails up now why cant we go 50. Their will be a big problem when school starts,0
3411,derail,,Such activities of Govt can't derail us from our aim &amp; we still remain peaceful and unite for #FreeSikhPoliticalPrisnors &amp; @bapusuratsingh,0
5047,eyewitness,,Monkeys Abused by Notorious Laboratory Dealer | A PETA Eyewitness Invest... https://t.co/QGqlpmRfJd via @YouTube,0
5594,flood,United States,RT grant_factory: #grants #funds Weymouth meeting on seawalls and flood grants set for Thursday night Û_ http://t.co/Th2WLilBmo,1
931,blaze,,Do you know anyone looking to move to Hammond OR? Share this listing! http://t.co/3xn1soh4Bb,0
971,blaze,Mo.City,The mixtape is coming i promise. We goin in right now http://t.co/uUNGRqoUgn,0
2171,catastrophic,,The Catastrophic Effects of Hiroshima and Nagasaki Atomic Bombings Still Being Felt Today http://t.co/1kRPz3j1EU,1
4055,displaced,North Carolina,@lizhphoto When I have so much shit going on in my head I'd rather talk about it than have an outburst.. Displaced aggression SUX!!,0
10182,violent%20storm,us,"U.S.PACIFIC COMMAND.
I can see it!
They gave their all in the peace unity festival
It disappears when freedom
A Violent Storm hit Sea",1
8989,storm,,TodayÛªs storm will pass; let tomorrowÛªs light greet you with a kiss. Bask in this loving warmth; let your soul return to bliss.,1
283,ambulance,Lexington,http://t.co/FueRk0gWui Twelve feared killed in Pakistani air ambulance helicopter crash http://t.co/Mv7GgGlmVc,1
1821,burned,toronto Û¢ dallas,I HATE WHEN IM TRYING TO STRAIGHTEN MY HAIR AND MY BROTHER COMES SWOOPING IN BEHIND ME AND SCARES ME I JUST BURNED MY FINGER,0
9124,suicide%20bomb,Worldwide,Pic of 16yr old PKK suicide bomber who detonated bomb in Turkey Army trench released http://t.co/gnynJHnE6j http://t.co/1fuNEMes7M,1
10335,weapons,ohio,@danagould @WaynesterAtl I agree with background checks. I just think guns or weapons in general are the great equalizer.,0
9562,thunder,"Atlanta, GA",Am I hearing thunder or trucks?,0
9452,terrorism,"Winston-Salem, NC",NC Senate follows House on legal action on terrorism damages - Winston http://t.co/2Y5MoRpugt,1
5938,hazard,,@LongBreastYat Yeah I don't think he's elite either I think Hazard is the better player too. But not by much,0
5724,forest%20fire,,IT STARTS A FOREST FIRE THAT CANNOT BE PUT OUT. http://t.co/3STfmN26r9,1
784,avalanche,Buy Give Me My Money ,I HAVE GOT MORE VIDEOS THAN YOU RAPPERS GOT SONGS! http://t.co/pBLvPM6C27,0
8815,sirens,Sydney,Marketforce Perth named winner of Sirens round 2 for 'iiNet NBN Buffering Cat Shark' radio spot http://t.co/GGPERGLVKi,0
4203,drowned,taking bath do not disturb,i drowned in the kiddie pool and i lost my ploppy,0
1919,burning,New York,2 Burning Man Tickets + Vehicle Pass - Full read by eBay http://t.co/b0eS3ZIORK http://t.co/juIIt2YFVo,0
273,ambulance,Loveland Colorado,@Kiwi_Karyn Check out what's in my parking lot!! He said that until last year it was an ambulance in St Johns. http://t.co/hPvOdUD7iP,0
9706,tornado,"Kentucky, USA",Tornado has to make the playoffs. They have 3 guys with 20+homers already and they just added Tulowitzki and Price,0
5469,flames,Freeport Ny,Just added some more fire to the flames for Saturday! Rick Wonder will be spinning a guest set along with Chachi... http://t.co/Otblb9PJ2I,0
2534,collision,"Denver, Colorado",Motorcyclist bicyclist injured in Denver collision on Broadway http://t.co/UpPwxDA4yd,1
3836,detonate,"Morioh, Japan",@spinningbot Are you another Stand-user? If you are I will have to detonate you with my Killer Queen.,0
2068,casualty,,Another sad ocean casualty-Gray whale population in the Pacific listed as critically #endangered (#drone video) https://t.co/vwz3vZpmfb .,1
6007,hazardous,United States,MEG issues Hazardous Weather Outlook (HWO)  http://t.co/gGn39m60tL #WX,1
1810,buildings%20on%20fire,"Worcester, MA",MaFireEMS: RT WMUR9: Two buildings involved in fire on 2nd Street in #Manchester. WMUR9  http://t.co/QUFwXRJIql via KCarosaWMUR,1
8274,rioting,,RT : Why Sweden Isn't Venezuela: There have been a few days of rioting in Venezuela with the riots directed at grÛ_ http://t.co/GJfd85vuf2,1
8996,stretcher,Taylor Swift,@Stretcher @invalid @Grazed @Rexyy @Towel I see the programme (:,0
8436,sandstorm,"The Sanctuary Network, Rome",@VillicanaAlicia [[Is it Darude Sandstorm?]],0
3452,derail,"Dorset, United Kingdom",Sound judgement by MPC - premature rises could derail recovery #Business http://t.co/fvLgU1naYr,1
2556,crash,Tennessee,Just bought another @meinlcymbals 18' medium crash!! Hey @meinlcymbals what about an endorsement! Starting to get expensive!,0
5467,flames,,Cabin Fever 2 flames https://t.co/yXnagsqvBM,0
3775,destruction,Soul Somalia/Body Montreal,We are so arrogant in our destruction that we think the Earth needs us. She doesn't.,0
1989,bush%20fires,"Canberra, Australian Capital Territory",Californian Bush Fires 2015 http://t.co/rjdX29wosp,1
10488,wildfire,,Route Complex AM Fire Update (Route Complex Wildfire): FIRE UPDATE: ROUTE COMPLEX Thursday Morning Aug... http://t.co/nS5lBS5ZUp #CAFire,1
5159,fatal,,11-Year-Old Boy Charged With Manslaughter of Toddler: Report: An 11-year-old boy has been charged with manslaughter over the fatal sh...,1
8944,storm,,#gamefeed Warcraft 3-Inspired Mode Likely Hitting Heroes of the Storm: Let's go back to the beginning. http://t.co/gx1kZ3C2Tc #VideoGame,0
3858,detonation,Bangalore. India,"Do you want to play a game?
http://t.co/sQFp6Ecz0i
Its a GoogleMaps mashup that calculates the effects of the detonation of nuclear bomb",0
2973,dead,,beforeitsnews : Hundreds feared dead after Libyan migrant boat capsizes during rescue Û_ http://t.co/MjoeeBDLXn) http://t.co/fvEn1ex0PS,1
10382,weapons,California,"Navy: No charges against officer for weapons violations in Chattanooga attack
 http://t.co/hddBMU2ycA",1
3405,derail,"Washington, DC 20009",Don't let #WMATA #Metro derail your day! Get a text every morn when you wake up with the best route to work: http://t.co/uhl0aKfvSm #sms,0
4083,displaced,,Displaced Persons GN (2014 Image) #1-1ST NM http://t.co/yEJt18sbm0 http://t.co/RcqacN91bE,0
6885,mass%20murder,,@JakeGint the mass murder got her hot and bothered but at heart she was always a traditionalist.,1
1684,bridge%20collapse,,Swiss Kosher Hotel Bridge Collapse Injures Five People - http://t.co/TxIestoX5n @JewishPress,1
10034,twister,NY,Crazy Mom Threw Teen Daughter a NUDE Twister Sex Party According To Her Friend50 =&gt;http://t.co/Hy5Pbe12TM http://t.co/c1nJpLi5oR,1
10057,twister,"Seattle native in Prescott, AZ",@jrlallo My narrator will have to say 'chemically interesting lavatory' for DB5. Not quite the tongue twister but certainly odd. :P,0
80,ablaze,South Africa,TRUCK ABLAZE : R21. VOORTREKKER AVE. OUTSIDE OR TAMBO INTL. CARGO SECTION. http://t.co/8kscqKfKkF,1
7630,pandemonium,illinois. united state ,Pandemonium In Aba As Woman Delivers Baby Without Face (Photos) @... http://t.co/JbxBi93CLu,0
1531,bomb,,beforeitsnews : Global Derivatives: $1.5 Quadrillion Time Bomb http://t.co/GhmmUj7GbE (vÛ_ http://t.co/u9LvvLzhYe) http://t.co/LyJ57pq3yX,0
6427,hurricane,,#kick #hurricane Seriously #simple websites: http://t.co/x8W7tF6FHg Looking For A Seriously Simple Program To http://t.co/9NZ9zFM93i,1
2793,curfew,Pon Di Gully,Rite now man a tlk widout nuh curfew long side Aka cum fi steal di show itz a rubbery di whole a dem fi knw... Sound it *music*,0
7024,mayhem,Boston/Montreal ,@RaynbowAffair Editor In Chief @DiamondKesawn Releases Issue #7 http://t.co/RPnEAJ6fOD of #RAmag. #Fashion #Models and #Mayhem,0
2250,chemical%20emergency,"Mankato, MN",Emergency responders prepare for chemical disaster through Hazmat training. http://t.co/q9zixCi8E6,1
3806,detonate,"Morioh, Japan",@spinningbot Are you another Stand-user? If you are I will have to detonate you with my Killer Queen.,0
4362,earthquake,,#USGS M 0.9 - Northern California: Time2015-08-06 01:50:25 UTC2015-08-06 01:50:25 UTC at epicenter... http://t.co/mBo6OAnIQI #EarthTwerk,1
10641,wounds,Kashmir!,Read ~ THE UNHEALED WOUNDS OF AN UNENDING CONFLICT #Kashmir #Pakistan #India http://t.co/sAF9MoSkSN #EndOccupation #EndConflict #FreeKashmir,1
10066,typhoon,USA,#breaking #news Global precipitation measurement satellite captures 3-D image of Typhoon Soudelor - @NASAHurricane http://t.co/20DNcthr4D,1
8717,sinking,"Michigan, USA",Û¢Û¢If your lost &amp; alone or your sinking like a stone carry onå¡å¡,0
10091,typhoon,"Washington, DC",Massive Typhoon heads toward Taiwan. http://t.co/Na2Ey64Vsg,1
3893,detonation,Brisbane.,"We are on our way to Hiroshima.
Today is the 70th anniversary of the detonation of the atomic bomb.",1
7092,meltdown,"Washington, DC",President Barack Obama has on air meltdown over opposition to Iran nuclear deal http://t.co/c0t7RvoTKj via @examinercom,1
2771,curfew,,@aptly_engineerd There is no such curfew.,0
4,,,Forest fire near La Ronge Sask. Canada,1
10506,wildfire,,Wildfire Burns On California U.s. China Economic Net Û_ : http://t.co/U2dO2mC2ri  http://t.co/3oM3xw6CZ8,1
6792,lightning,"Holland MI via Houston, CLE",Corey Robinson having some solid reps at RT although as I type this he got beat on lightning dip by T. Walker,0
4966,explosion,,Report: Corey Brewer was drug tested after 51-point explosion http://t.co/HhlLQCkcEP,1
2606,crashed,,My son didn't sleep all night! ?? so finally at 4am I laid him with me on my bed and he crashed out ????,0
3486,derailed,,Relief train carrying survivors of the derailed Janta Express reaches Mumbai via @firstpostin http://t.co/CZNXHuTASX,1
6175,hijack,,@RickyBonesSXM fuck u2 specially there new Shit. First they hijack itunes now all sirius chan. fuck off already haha just sayin,0
10243,volcano,"West Coast, Cali USA",The Architect Behind Kanye WestÛªs Volcano https://t.co/MUSBIk7EJf,0
6371,hostages,Germany,@banditregina I also loved the episode 'Bang' in season 3 when Caroline Bigsby(?) took hostages in the supermarket.,0
8110,rescued,Jammu | Kashmir | Delhi,18 bovines rescued 3 smugglersåÊnabbed http://t.co/E7fn5G5rUu,1
3549,derailment,"Palo Alto, California",Consent Order on cleanup underway at CSX derailment site - Knoxville News Sentinel http://t.co/xsZx9MWXYp http://t.co/NMFsgKf1Za,1
10535,windstorm,"Galveston, Texas",For sixth year in a row premium costs for windstorm insurance to climb. This time by 5 percent. #GalvNews  https://t.co/Cm9TvE2Vsq,0
9508,terrorist,Iraq|Afghanistan| RSA |Baghdad,Seek help warra #MetroFmTalk,0
1123,blew%20up,,Ye did the same thing to Big Sean and he still blew up,0
3242,deluged,Newcastle,Do you feel deluged by low self-image? Take the quiz: http://t.co/QN4ZYISsPO http://t.co/3VWp7wD56W,0
4859,evacuation,USA,Evacuation order lifted for Roosevelt after #Wildfire misses town - KOMO News http://t.co/qCpMktGLLR,1
6819,loud%20bang,Kenya,nikoniko12022: Breaking news! Unconfirmed! I just heard a loud bang nearby. in what appears to be a blast of wind from my neighbour's ass.,0
5798,hail,,Thank you so so much to everyone for posting the rain and hail outside ... I had no idea guys ????????,0
6727,lava,LA,i lava you! ????,0
10458,wild%20fires,nap central,Wild fires freak me the fuck out. Like hell no,1
3255,demolish,"Nigeria, WORLDWIDE",Enugu Government to demolish illegal structures at International Conference Centre http://t.co/DaqszZuBUb,0
7981,razed,,The Latest: More homes razed by Northern California wildfire - http://t.co/3tnuACIV3c http://t.co/SAkORGdqUL,1
10685,wreck,moss chamber b,@Squeaver just hangin out in star buck watchin my boy wreck this septic tank,0
6163,hijack,,0-day bug in fully patched OS X comes under active exploit to bypass password ... - Ars Technica http://t.co/53P4oOO1XN,0
9707,tornado,,Pretty teen Hayden Ryan poses and strips out of her purple top http://t.co/qew4c5M1xd View and download video,0
9154,suicide%20bomber,,Suicide bomber kills 15 in Saudi security site mosque - Reuters Canada: Reuters CanadaSuicide bomber kills 15 ... http://t.co/Ktd5IG9M5o,1
8126,rescued,Earth,Migrants Rescued After Boat Capsizes Off Libya http://t.co/pmGgavtokP,1
1110,blew%20up,california mermaid ? ,Some guy whistled at me in the parking lot &amp; it did not help that the wind blew my skirt up getting in the car ??,0
1699,bridge%20collapse,US,Two giant cranes holding a bridge collapse into nearby homes http://t.co/jBJRg3eP1Q,1
4064,displaced,,#KCA #VoteJKT48ID 12News: UPDATE: A family of 3 has been displaced after fired damaged housed near 90th and Osborn. Fire extinguished no iÛ_,1
4049,displaced,Pedophile hunting ground,#Myanmar  Displaced #Rohingya at #Sittwe point of no return http://t.co/cgf61fPmR0  #Prison like conditions #genocide IHHen MSF Refugees,1
2760,curfew,"Chicago, IL",Police: Teenagers arrested for curfew violations in Evanston were riding stolen bicycles: Two teenagers taken into cus...  #Chicago #news,1
7,,,Just got sent this photo from Ruby #Alaska as smoke from #wildfires pours into a school ,1
8843,smoke,,@LifeAintFairKid if I did I'd smoke you up brooo!,0
1470,body%20bagging,Every where,Woke up to Drake body bagging Meek again!! Meek u can't out spit ya girlfriend... Just lay down Man.... NOT Right... http://t.co/6CraEKc9wb,0
9652,thunderstorm,Helsinki,"Thunderstorm in Helsinki
#thunder #lightning #lightningstrike #thunderstorm #nature #HelsinkiÛ_ https://t.co/rJJXUcX5PM",1
5900,harm,"Buffalo, NY",Are the safety improvements being made to Route 198 in Buffalo doing more harm than good? http://t.co/rqlPSAYE3B,0
2257,cliff%20fall,,Beat the #heat. Today only Kill Cliff Free Fall $2. Pick up a #cold drink today after the #tough #crossfit... http://t.co/QaMwoJYahq,0
8391,ruin,"MÌ©rida, YucatÌÁn",babe I'm gonna ruin you if you let me stay,0
797,battle,,CIVIL WAR GENERAL BATTLE BULL RUN HERO COLONEL 2nd NEW HAMPSHIRE LETTER SIGNED ! http://t.co/Ot0tFFpBYB http://t.co/zaRBwep9LD,1
5350,fire,"Newark, NJ",This nigga Cyhi diss was what Meek was suppose to do. This shit actually fire,0
3684,destroy,,(SJ GIST): 148 Houses Farm Produce Destroy... http://t.co/dkrGS2AWEX #StreetjamzDotNet | https://t.co/mR9KcGpIwM,1
5222,fatality,Boston Û¢ Cape Cod ?,Dying of Lyme disease: Case fatality rate nearly 100% http://t.co/RgT9GhODpW,1
2256,cliff%20fall, Neverland ,Fuck  Neil go fall off a cliff or something.....#yr ??????,0
5265,fear,"sitting on the fence, New York",@phnotf sometimes your cheekiness bleeds through my computer screen and i recoil in fear,0
1790,buildings%20on%20fire,Scotland ,#TweetLikeItsSeptember11th2001 Those two buildings are on fire,1
1705,bridge%20collapse,"Playa del Carmen, Mexico",Two giant cranes holding a bridge collapse into nearby homes http://t.co/lSQe7nu6kl,1
4635,emergency%20services,"Kodiak, AK",Providence Health &amp; Services: Emergency Services Supervisor - Emergency Department... (#Kodiak AK) http://t.co/AQcSUSqbDy #Healthcare #Job,0
10660,wounds,United States,Having your wounds kissed by Someone who doesn't see them as disasters in your soul but rather cracks to pour their love into is amazing.,0
1518,body%20bags,"southwest, Tx",Shoot shit up till we see body bags,0
1933,burning%20buildings,Santiago Bernabeau,My man runs into burning buildings for a living but is scared to hit up a girl. I don't get it.,0
5541,flattened,"Northampton, MA",@JimMozel puck=flattened ball lol,0
5629,flooding,,ILL ONLY DM HOTEL INFO BECAUSE PEOPLE ARE FLOODING MY NOTIFICATIONS ASKING ME FOR INFO,0
4365,earthquake,"California, USA",#USGS M 1.2 - 23km S of Twentynine Palms California: Time2015-08-05 23:54:09 UTC2015-08-05 16:54:09 -07:0... http://t.co/kF0QYBKZOL #SM,1
7621,pandemonium,"Leeds, UK",@KhalidKKazi mate they've taken another 2 since I posted this tweet it's pandemonium,1
10439,wild%20fires,Twitterville,Collection of Articals and Video of West Coast Wild Fires by @ABC http://t.co/qd3DSSFWUE,1
10393,whirlwind,,Sitting in a cafe enjoying a bite and cramming for my meeting during my whirlwind 14-hours in NYC! https://t.co/TO0BPiEymS,0
8683,sinkhole,In the potters hands,Sinkhole on west side damaging cars via @WEWS http://t.co/S7grbZNwlr,1
2281,cliff%20fall,Colchester Essex ,I hope you fall off a cliff,0
5278,fear,,"The Opposite of Love is Fear HereÛªs Why
http://t.co/r5bXZzhXkm",1
4922,exploded,USA,The Dress Memes Have Officially Exploded On The Internet http://t.co/yG32yb2jDY,0
654,attack,,it scares me that there's new versions of nuclear attack warnings like just knowing that governments still prepare for them,1
5881,hailstorm,Heaven,Grow Calgary avoids worst of city's wicked weather * ~ 16 http://t.co/HLyHDfWsQB http://t.co/GwSNBMmcqF,1
2519,collision,Maryland,Baltimore City : I-95 NORTH AT MP 54.8 (FORT MCHENRY TUNNEL BORE 3: Collision: I-95 NORTH AT MP 54.8 (FORT MCHENRY TUNNEL BORE 3 Nort...,1
1798,buildings%20on%20fire,"Groton, CT",A change in the State fire code prohibits grills on decks at condos and apartment buildings.  Check with your... http://t.co/KE1ZS6NAml,0
5481,flames,New York,*NEW* Snap On Tools Black baseball Hat/Cap Silver/Gray Embroidered S Logo Flames - Full reÛ_ http://t.co/hTqVF44UQs http://t.co/PvXeLxCJeu,0
9219,suicide%20bombing,,Turkish troops killed in Kurdish militant 'suicide attack' http://t.co/nVP6wrKL1E,1
6400,hurricane,@potteratthedisc,Hurricane 30STM quem lembra,1
7613,pandemonium,Houston TX,Pandemonium In Aba As Woman Delivers Baby Without Face (Photos) - http://t.co/xRP0rTkFfJ,1
10790,wrecked,,Cramer: IgerÛªs 3 words that wrecked DisneyÛªs stock ÛÒåÊCNBC http://t.co/PnlucERp0x,0
7909,rainstorm,"Darnley, Prince Edward Island",Due to the rainstorm last night cupcake decorating is happening NOW at the Rec Hall! $2 - proceeds to #IWK! http://t.co/EaRONLwIFh,0
4666,engulfed,,@FNAF_TalkMC *stands there engulfed in the fire smiling*,0
1650,bombing,SWMO,Japan Marks 70th Anniversary of Hiroshima Atomic Bombing http://t.co/3EV07PPaPn,1
8029,refugees,,Short of throwing them overboard himself I don't think any other leader could do much worse by #refugees than @TonyAbbottMHR worst pm ever!,1
9030,stretcher,??,Stretcher in 5 min // Speaker Deck http://t.co/0YO2l38OZr,0
903,bioterrorism,,Does This Prepare Us? HHS Selects 9 Regional Special #Pathogen Treatment Centers #Bioterrorism #Infectious #Ebola http://t.co/Qmo1TxxDkj,0
2513,collision,"Los Angeles, CA",Santa Fe Springs Studebaker Rd / South St **Trfc Collision-No Inj** http://t.co/6uHih9pbrU,0
3503,derailment,Mumbai (India),Madhya Pradesh Train Derailment: Village Youth Saved Many Lives,1
6762,lightning,"Greensboro, North Carolina",Expect gusty winds heavy downpours and lightning moving northeast toward VA now. http://t.co/jyxafD4knK,1
2425,collide,www.youtube.com?Malkavius2,I liked a @YouTube video from @gassymexican http://t.co/lPgFqnpjd3 WHEN REALITIES COLLIDE! (Life Is Strange Hilarious Glitch),0
1349,blown%20up,Cobblestone,"'If a truckload of soldiers will be blown up nobody panics but when one little lion dies everyone loses their mind'
http://t.co/wjNTaOkdHf",1
5301,fear,"Bremerton, WA",The Walking Dead spin off Fear the Walking Dead is on the 23rd ??????,1
5320,fire,,My avi And header combo is fire,0
6734,lava,Venezuela,I LAVA YOU.,0
10764,wreckage,"Dublin City, Ireland",Wreckage 'Conclusively Confirmed' as From MH370: Malaysia PM: Investigators and the families of those who were... http://t.co/VAZpG0ftmU,1
265,ambulance,Happily Married with 2 kids ,AMBULANCE SPRINTER AUTOMATIC FRONTLINE VEHICLE CHOICE OF 14 LEZ COMPLIANT | eBay http://t.co/q8IVrzOJZv,0
9808,trauma,,Photo: lavenderpoetrycafe: Trauma memories are encoded in images as trauma is a more sensory than cognitive... http://t.co/DMb6xP966D,1
4955,exploded,,#dating #meet #sex Hot Teen Ass Exploded By Fat Cock http://t.co/X39JwSyrqR,0
957,blaze,,looks like a year of writing and computers is ahead. http://t.co/CyXbrZXWq4,0
5939,hazard,"Alameda, CA",Choking Hazard Prompts Recall Of Kraft Cheese Singles http://t.co/nJLqRqcnL9,1
5458,first%20responders,"Sacramento, CA",As firefighters make gains on #RockyFire Jerry Brown is heading to the area to meet with first responders tomorrow morning,1
584,arson,"Jerusalem, Israel",Mourning notices for stabbing arson victims stir Û÷politics of griefÛª in Israel http://t.co/GbluHRrlto,1
644,arsonist,,Big Top Burning The True Story Of An Arsonist A Missing Girl Û_ : http://t.co/QxH1H61cwD .,1
9791,trapped,"St Louis, MO",@BoyInAHorsemask its a panda trapped in a dogs body,1
560,arson,Jerusalem,Mourning notices for stabbing arson victims stir Û÷politics of griefÛª in Israel http://t.co/KkbXIBlAH7,1
3056,deaths,"Mooseknuckle, Maine","ÛÏ@LOLGOP: 2.2 cases of voter fraud a year. 
WE NEED NEW LAWS!

83 gun deaths a day. 
WHO ACTUALLY FOLLOWS LAWS AMIRITE?

#VRA50Û",1
318,annihilated,,@violentfeminazi I guess that's ok for Armenians since we've spent most of our history getting annihilated,1
886,bioterrorism,,@DarrellIssa Does that 'great Iran deal' cover bioterrorism? You got cut off terrible of them. Keep up the good work.,1
1657,bombing,,@snapharmony : Bells toll in Hiroshima as Japan marks 70 years since atomic bombing http://t.co/yPvvqZ8jzt,1
9492,terrorist,,Captured terrorist Naved not registered as our citizen: Pakistan http://t.co/0FS9kSV5xK,1
10827,wrecked,,He just wrecked all of you http://t.co/y46isyZkC8,0
1546,bomb,ChicagoRObotz,Jen you da bomb girl! https://t.co/czQr3CI9Xw,0
6469,injured,Nigeria,Ogun smugglers engage Customs in shootoutåÊ: Several persons were allegedly injured on Wednesday when men o... http://t.co/pUXBC2LoYK #RT,1
961,blaze,Delhi,#socialmedia news - New Facebook Page Features Seek to Help Personalize the Customer Experience http://t.co/nbizaTlsmV,0
1954,burning%20buildings,"Victoria, British Columbia",Heavy smoke pouring out of buildings on fire in Port Coquitlam http://t.co/GeqkdaO4cV http://t.co/Dg0bGzeCgM,1
8846,smoke,Rio de Janeiro,smoke whatever you got,0
1808,buildings%20on%20fire,"Concord, NH ",Now on http://t.co/3sTH9lrBUn: PHOTOS: Flames rage through Manchester buildings in 3-alarm fire http://t.co/jQxM4gcQZ3 #NH1News,1
6809,loud%20bang,Kenya,shawie17shawie: Breaking news! Unconfirmed! I just heard a loud bang nearby. in what appears to be a blast of wind from my neighbour's ass.,0
9367,survived,"Port Harcourt, Nigeria",Nigerian boxer ?who survived sessions with Klitschko becomes famous on YouTube http://t.co/JSZZQsT3XS,0
6207,hijacker,"West Chester, PA",Remove the http://t.co/9Jxb3rx8mF and Linkury Browser Hijacker http://t.co/B5s5epJ7Um http://t.co/hPA9GQRyWa,0
5944,hazard,"Lancashire, United Kingdom",I liked a @YouTube video from @chaboyyhd http://t.co/Yr67ugEsrm Battlefield 4 Funny Moments - Dukes of Hazard Undercover Soldier,0
737,attacked,israel,Christian Attacked by Muslims at the Temple Mount after Waving Israeli Flag via Pamela Geller - ... http://t.co/ETg0prBP4G,1
7962,razed,Nigeria,TENSION IN ABIA AS INEC OFFICEÛªS RAZEDåÊÛÒ GOVERNOR IKPEAZU PDP APGA REACT http://t.co/aKzZOe5CE6,1
7366,obliterate,United Kingdom,WWE 2K15: Universe Mode - Part 149 - OBLITERATE!!: http://t.co/0oms8rI3l1 via @YouTube,0
328,annihilated,,Ready to get annihilated for the BUCS game,1
1568,bomb,"Oxford, OH",Flat out bomb by @FlavaFraz21 #whatcanthedo,0
68,ablaze,Live On Webcam,Check these out: http://t.co/rOI2NSmEJJ http://t.co/3Tj8ZjiN21 http://t.co/YDUiXEfIpE http://t.co/LxTjc87KLS #nsfw,0
6960,massacre,"Kingston, Jamaica",Still Uninvestigated After 50 Years: Did the U.S. Help Incite the 1965 Indonesia Massacre? http://t.co/EZbTG81trz,1
9703,tornado,  ,Maybe that's what happens when a tornado meets a volcano,1
4691,engulfed,,He came to a land which was engulfed in tribal war and turned it into a land of peace i.e. Madinah. #ProphetMuhammad #islam,0
697,attacked,"Port Jervis, NY",My dog attacked me for my food #pugprobs,0
3848,detonation,,Ignition Knock (Detonation) Sensor-Senso Standard fits 03-08 Mazda 6 3.0L-V6 http://t.co/c8UXkIzwM6 http://t.co/SNxgH9R16u,0
3894,detonation,New York,Detonation fashionable mountaineering electronic watch water-resistant couples leisure tabÛ_ http://t.co/E61x9Y65QD http://t.co/OVLET0gDqm,0
5310,fear,USA,"Daily Reflections
August 6
DRIVEN
Driven by a hundred forms of fear self-delusion self-seeking and self-pity... http://t.co/DXfqOu4kT2",0
6391,hurricane,"Haiku, Maui, Hawaii",HURRICANE GUILLERMO LIVE NOAA TRACKING / LOOPING WED.AUG.5TH ~ http://t.co/ut7R2ixRjQ ~  http://t.co/v3z96YDMvD http://t.co/kxSLfTZ2I5,1
6421,hurricane,The Globe,HURRICANE GUILLERMO LIVE NOAA TRACKING / LOOPING WED.AUG.5TH ~ http://t.co/AuruGJEGIQ ~  http://t.co/L3w8miPvnT http://t.co/O85M1bJFRW,1
7451,obliteration,,@LaurenJauregui I would say I'm dead but I'm not that right there was obliteration,0
8181,rescuers,Phoenix,When Rescuers Found Him He Was Barely Alive. But They Had No Idea He Was Allergic To THIS! http://t.co/VecmsiUUh1,1
8212,riot,,@AcaciaPenn I'll start a big ass riot  send me to jail today mfs shidddd ??,0
6278,hijacking,Zimbabwe,Û÷Good SamaritansÛª shot in horror hijacking http://t.co/V5yUUALoqw #263Chat #Twimbos ZimpapersViews,1
10715,wreck,,Wreck with road blockage Woodward Avenue Northbound at Davison in M.S. #shoalstraffic,1
2888,damage,,"New post on my blog: http://t.co/Avu9b4k2rv 
thesensualeye:

Model: Cam Damage

Toronto Apr 2014

#nsfw #pussy #ass #boobs #asian #nude #Û_",0
1818,buildings%20on%20fire,"Oklahoma City, OK",Hinton city officials confirm multiple buildings on fire currently evacuating people on Main Street. We're on our way @OKCFOX,1
905,bioterrorism,,@StationCDRKelly Any Support Sys 4 @USAgov AUTH taken Hostage by BLK US clergyforced 2 exist younger&amp;grossly disfigured by BIOTERRORISM?@AP,1
7048,meltdown,,Deepak Chopra's EPIC Twitter Meltdown http://t.co/ethgAGPy5G,0
6188,hijacker,San Francisco Bay Area,Gov. Brown allows parole for 1976 Chowchilla school bus hijacker James Schoenfeld. http://t.co/GlWoAKppjq http://t.co/WlLfLFnDgG,0
5619,flooding,"Nova Scotia, Canada",Tips to prevent basement leaks - Create control joints to eliminate random cracking. #homeimprovement #Flooding http://t.co/Kx8cU4s8T1,0
7355,obliterate,United Kingdom,@klavierstuk doesn't so LVG is forced into the market. May beat Spurs and smaller teams with Blind LCB. Top 4/ CL teams will obliterate us.,0
725,attacked,"LEALMAN, FLORIDA",Christian Attacked by Muslims at the Temple Mount after Waving Israeli Flag via Pamela Geller - ... http://t.co/LHBZHWq4B9,1
5493,flames,"Hillsville/Lynchburg, VA",@Flames_Nation that's the optimistic side of me. No doubt it's tough. But it can be done. I feel like the games will pivot on defense.,0
4268,drowning,scandinavia,don't you dare play the victim when I've been drowning for years.,0
10706,wreck,Baltimore,@girlthatsrio have my uncles wreck their shit,0
1677,bridge%20collapse,Buscame EL tu Melte,2 Injured 1 missing in bridge collapse in central Mexico http://t.co/kHF0iH05A9,1
10446,wild%20fires,,God forbid this is true #California has enough problems with severe #drought &amp; #wild fires. http://t.co/CMsgexM4FC #Nuclear Power #SanOnofre,1
4825,evacuation,,. @VELDFest announces refunds after Day two's extreme weather evacuation: http://t.co/PP05eTlK7t http://t.co/3Ol8MhhPMa,1
4759,evacuate,"London, England",Wow. #FIFA16 has Pre Season Tournaments in Career Mode. Bloody hell evacuate the building #whocares,0
1328,bloody,"Santa Cruz, CA",Black Friday turns Bloody (would rather be shopping) http://t.co/l0pmmtZLwP  #mystery,0
2063,casualty,,Property/casualty insurance rates up 1% in July: After several months of no movement commercial property/casu... http://t.co/KcLkoKqI8a,1
4866,explode,,Learn How I Gained Access To The Secrets Of The Top Earners &amp; Used Them To Explode My Home Business Here: http://t.co/SGXP1U5OL1 Please #RT,0
6579,injury,,Enter the world of extreme diving ÛÓ 9 stories up and into the Volga River http://t.co/vz19VvgMnv,0
8726,sinking,HOMRA.,"In your eyes I see the hope
I once knew.
I'm sinking.
I'm sinking
away from you.
Don't turn around
you'll see...

You can make it.",0
10472,wild%20fires,"West Vancouver, B.C.",Man selling WILD MORELS at Ambleside Farmr Mart.Sun.-MUSHROOM forageSECRET IS TO KNOW WHAT TREES they grow under &amp; BEST AFTER FOREST FIRES,0
1553,bomb,NV,@danielsahyounie It'd be so bomb if u guys won ??,0
5075,famine,,'Food crematoria' provoke outrage amid crisis famine memories... http://t.co/REsxAvgpyJ,1
8838,sirens,,I added a video to a @YouTube playlist http://t.co/f2TqMFh1Yb Cher Lloyd - Sirens,0
7118,military,somewhere USA ,i strongly support our military &amp; their families just not the cock suckers in DC they work for,0
2452,collide,Malaysia,When high fashion and food collide http://t.co/qDhxto57EM,0
7232,natural%20disaster,,Hello natural hazards/disaster recovery &amp; emergency management ppl can u recommend good hashtags to follow OR send me links of good reads?,0
6138,hijack,,Bayelsa poll: Tension in Bayelsa as Patience Jonathan plans to hijack APC PDP: Plans by former First Lady and... http://t.co/86RSYy2tng,1
3026,death,"Sylacauga, Alabama",@Allahsfinest12 ...death to muslims,1
2811,cyclone,Rural Northern Nevada,@mccauleysdesign @abysmaljoiner @DyamiPlotke it works for my purpose. A large cyclone would be better. I just don't have $4K. This was $500,0
5068,famine,JamDung,Ppl like unu feast today and famine tomorrow,0
8162,rescuers,London,VIDEO: 'We're picking up bodies from water': Rescuers are searching for hundreds of migrants in the Mediterran... http://t.co/PUezv6bd37,1
2635,crashed,Lindenhurst,Thief Broke Front Window Of Hicksville Store Stole 50 Cell Phones; Fled Crashed Into... http://t.co/6odNBttPSq,0
7358,obliterate,The Memesphere,According to prophecy and also CNN a Mac tablet will completely obliterate the need for other gadgets. CombiningÛ_ http://t.co/xfccvMXuWb,0
2427,collide,Michigan,@mattcohen4fake Gamma Ray January Worlds Collide She Waits Be Me Wave Past Perfect Reunion Lucky Cool If I Come Over Hot Times...,0
4361,earthquake,"Oklahoma City, OK",Raffi_RC: RT SustainOurEarth: Oklahoma Acts to Limit Earthquake Risk at Oil and Gas Wells | scoopit http://t.co/yru4nPHdrf Loving all thiÛ_,1
5588,flood,New York,2pcs 18W CREE Led Work Light  Offroad Lamp Car Truck Boat Mining 4WD FLOOD BEAM - Full reaÛ_ http://t.co/O1SMUh2unn http://t.co/xqj6WgiuQH,0
6261,hijacking,France,#hot  Funtenna: hijacking computers to send data as sound waves [Black Hat 2015] http://t.co/6AqrNanKFD #prebreak #best,0
6893,mass%20murder,"Birmingham, England","#DebateQuestionsWeWantToHear Why does #Saudi arabia and #Israel get away with mass murder?
#Wahhabism #Zionism",1
5843,hailstorm,far away,Calgary news weather and traffic for August 5 * ~ 90 http://t.co/qBdRYXSGlC http://t.co/VZOd7qFFlv,0
7608,pandemonium,,Proud of you @JoeGoodmanJr for watching the #CopaLibertadores and the Argentinean pandemonium... https://t.co/8tyGO0KiZz,0
7545,outbreak,Chile,Families to sue over Legionnaires: More than 40 families affected by the fatal outbreak of Legionnaires' disea... http://t.co/02ELqLOpFk,1
3277,demolish,"Otsego, MI",Set some goals. Then demolish them ?? #fitness #inspiration,0
1495,body%20bags,United Kingdom,Womens Buckle Casual Stylish Shoulder Handbags Pockets Cross Body Bags White http://t.co/mWZQCjhZPb,0
9766,trapped,central chazifornia,salute to all the kids still trapped in adult bodies.,0
8888,smoke,Indonesia,@TeamAtoWinner no.. i mean when is mino said that he doesn't smoke? u mention it before.. :)),0
5116,fatal,,Fatal attraction is common n what we have common is 'pain'......,0
8203,riot,,To All The Meat-Loving Feminists Of The World Riot Grill Has Arrived http://t.co/um3wTL5r7K #arts http://t.co/2LQyxZQ5DN,0
10333,weapon,,I'm servicin in my section I'm lurkin I'm with my weapon,0
1554,bomb,,New Documents Found Pointing To Japan's WWII Atomic Bomb Program http://t.co/M9mowCMVNj,1
7871,quarantined,,Reddit's new content policy goes into effect many horrible subreddits banned or quarantined http://t.co/4oNvxncz8w http://t.co/tnggXNm6k8,0
9187,suicide%20bomber,,Suicide bomber kills 15 in Saudi security site mosque  #world #news,1
6582,injury,,incident with injury:I-495  inner loop Exit 31 - MD 97/Georgia Ave Silver Spring,1
2941,danger,Instagram: trillrebel_,"Guns are for protection.. 
That shit really shouldn't be used unless your life in danger",0
951,blaze,Rio de Janeiro,I liked a @YouTube video from @iamrrsb http://t.co/PdEHd1tCpk Minecraft Skywars - O BLAZE QUE USA HACK E FLECHADAS SINISTRAS!,0
7166,mudslide,"Chiswick, London",2 great new recipes; mudslide cake and so sorry stew! #GBBO,0
5849,hailstorm,"Suginami-ku, Tokyo, Japan",Severe weather and a rare hailstorm pummel Boston - http://t.co/jkYM9EdOfc,1
2364,collapsed,"Eugene, Oregon",Roof collapsed a bowling alley many in the community remember going to for more than 30 years @KEZI9 http://t.co/sAhbhLXsSh,1
420,apocalypse,"Buenos Aires, Argentina",candylit: Imagine sarumi in a zombie apocalypse Fighting back to back Heart to heart conversations over the... http://t.co/xIZkjffF29,0
10,,,"#flood #disaster Heavy rain causes flash flooding of streets in Manitou, Colorado Springs areas",1
2889,damage,Charlotte NC,REPORTED: HIT &amp; RUN-IN ROADWAY-PROPERTY DAMAGE at 15901 STATESVILLE RD,1
7496,oil%20spill,"Montgomery, AL",SB57 [NEW] Deepwater Horizon Oil Spill distribution of funds from BP settlement road and bridge projects in Bal... http://t.co/dKpsrkG6pc,1
6001,hazardous,,Never fear quarrels but seek hazardous adventures. https://t.co/dlvZaay7qr,0
6569,injury,mnl,New level of tita-dom: bowling injury. http://t.co/tdeQwm8ZXn,0
3066,deaths,UK,500 deaths a year from foodborne illness... @frackfreelancs dears... @DECCgovuk @frackfree_eu @tarleton_sophie http://t.co/JSccX8k0jA,1
10203,violent%20storm,,If you were the NWS wth a rotating storm w/ a report of a 'HUGE' / 'MASSIVE' / 'VIOLENT' tornado what would you do? https://t.co/J3dI85IST5,1
2285,cliff%20fall,Inside your mind.,Photographer Brian Ruebs endures 4500-feet climb to capture bride and groom http://t.co/JXhAZEBNQK,0
3659,destroy,,"ng2x5 mhtw4fnet

Watch Michael Jordan absolutely destroy this meme-baiting camper - FOXSportscom",0
9967,tsunami,,she keep it wet like tsunami.,0
10860,,,a siren just went off and it wasn't the Forney tornado warning ??,1
6795,lightning,SoDak,Check this out! Lightning reshapes rocks at the atomic level http://t.co/l1gH8064YV #scichat #science,1
4667,engulfed,UK,Tube strike live: Latest travel updates as London is engulfed inåÊchaos http://t.co/xkonKZ0Zl6 http://t.co/dXVtgi1BvO,1
10864,,,on the flip side I'm at Walmart and there is a bomb and everyone had to evacuate so stay tuned if I blow up or not,1
5437,first%20responders,"Liberty Township, Ohio",@Reds I don't throw the word hero around lightly... Usually reserved for first responders and military... But he's a hero...,0
7076,meltdown,,http://t.co/HFqlwo1kMy E-Mini SP 500: Earnings letdown equals market meltdown! http://t.co/LEi9dWVllq #Amazon,0
9522,terrorist,proudly South African,@SwiftyCommissh @TaoistInsight @ImmortalTech Some jewish ppl agree tht Israel is a bully nd a terrorist state killin palestine kids nd women,1
10371,weapons,"Hawthorne, NE",PM Abe pledged to make every effort to seek a world without nuclear weapons. http://t.co/CBXnHhZ6kD,1
7753,police,,Police unions retard justice &amp; drain gov $ but cops vote 4 Rs so Rs go after teachers unions instead! @DCCC @VJ44 @Lawrence @JBouie @mmfa,0
7587,outbreak,"Fukuoka, Japan",Families to sue over Legionnaires: More than 40 families affected by the fatal outbreak o... http://t.co/3hTJ2PypSg #News #check #follow,1
2362,collapsed,"CAMARILLO, CA",@organicallyrude @1ROCKSTAR62 #wish Mattingly &amp; Bundy &amp; McGwire were standing on it when it collapsed!,1
170,aftershock,dope show,@KJForDays I'm seeing them and Issues at aftershock ??,0
7723,panicking,Manchester,Yet Brits are panicking about the UK http://t.co/HsDBGCIYrs,0
7188,mudslide,Notts,#BakeOffFriends #GBBO 'The one with the mudslide and the guy with the hat',0
1065,bleeding,"Gages Lake, IL",@beckyfeigin I defs will when it stops bleeding!,1
7161,mudslide,,God bless you and your mudslide cake Dorret ????,0
9094,suicide%20bomb,Roadside,If you ever think you running out of choices in life rembr there's that kid that has no choice but wear a suicide bomb vest,0
1209,blizzard,"Houston,  TX",@Blizzard_draco @LoneWolffur I need this.,0
3964,devastation,,#HungerArticles: Nepal: Rebuilding Lives and Livelihoods After Quake Devastation http://t.co/LROuWjMbIx,1
9206,suicide%20bombing,,Suicide bombing is just the fear of dying alone,1
2467,collided,"Eau Claire, Wisconsin",An Eau Claire man who police said was drunk when his SUV collided with a train was sentenced in Chippewa County: http://t.co/kQpkY7Dthj,1
3337,demolished,USA,#BBSNews latest 4 #Palestine &amp; #Israel -  Six Palestinians Kidnapped in West Bank Hebron Home Demolished http://t.co/gne1fW0XHE,1
3483,derailed,"Kalamazoo, Michigan",three episodes left the end is nigh,0
5183,fatalities,jersey ,mortal kombat fatalities are so gross but interesting,0
10707,wreck,"Alabama, USA",First wreck today. So so glad me and mom are okay. Could've been a lot worse. So happy the lord was with us today ??????,0
5975,hazard,,8/6/2015@1:32 PM: HAZARD IN HIGH TRAFFIC AREA at 5000 DEANS BRIDGE RD http://t.co/itZzKWfhG5,1
5181,fatalities,"Washington, DC",#Saudi Arabia: #Abha: Fatalities reported following suicide bombing at mosque; avoid area http://t.co/1xW0Z8ZeqW,1
5413,first%20responders,Texas,@USATODAY.  PRAYING FOR GOD'S HEALING AND SAFETY OF FIRST RESPONDERS,0
9645,thunderstorm,"Nicoma Park, OK",Severe Thunderstorm Warning including Midwest City OK Del City OK Choctaw OK until 10:30 PM CDT http://t.co/ogxSY4GWD1,1
1201,blizzard,Ontario Canada,My mic and controllers aren't working one second,0
1280,bloody,,infected bloody ear piercings are always fun??,0
7877,quarantined,"Dunwoody, GA",okay the cat has been quarantined in my bathroom...its meowing really loud but I turned up the TV louder...things just might work out okay,0
8758,siren,Am International,So when r u getting married'@Foxy__Siren: Oh finally Jennifer Aniston got married??????... I'm so happy for her ??????',0
10222,volcano,"Hawaii, USA",USGS EQ: M 1.9 - 5km S of Volcano Hawaii: Time2015-08-06 01:04:01 UTC2015-08-05 15:04:01 -10:00 a... http://t.co/3rrGHT4ewp #EarthQuake,1
6863,mass%20murder,"Leicester, England",@D1ff3r3nt1sG00d @RiceeChrispies What if he committed a mass murder?,1
7870,quarantined,,Top link: Reddit's new content policy goes into effect many horrible subreddits banned or quarantined http://t.co/BjVfk1ETe9,0
4972,explosion,,GAElite 0    Explosion Greg 2 [Top 3rd] [0 Out] [0 balls] [0 strikes] ... No one on [P: #16 Morgan Orchard] [B: ],1
4224,drowned,fl,@_itsdanie_ noooo?? I almost drowned you once tho :)))),0
6083,heat%20wave,New York Brooklyn,Have you heard Û÷05 LOVE TO LOVE YOU....HEAT WAVE VOL 5Ûª by George deejayempiresound on #SoundCloud? #np https://t.co/rQiuqXNM2X,0
8705,sinking,,Currency transgress before payday-prison ward sinking-fund payment unsecured loan: jBUmZQpK,0
1789,buildings%20on%20fire,Toronto,Such beautiful architecture in #NYC I love those fire escape routes on the buildings. #newyorkÛ_ https://t.co/fW1PtaElgV,1
7935,rainstorm,,Rainstorm Update: Further North or Further South? http://t.co/50vdQ7A1M5 http://t.co/QH6oXfT9Ir,1
2212,chemical%20emergency,Center for Domestic Preparedness,At FEMA's Center for Disaster Preparedness for a weeklong training on Chemical Biological Radioactive Nuclear   Emergency Response,1
7425,obliterated,Tennessee,WACKOS like #MicheleBachman predict the WORLD will SOON be OBLITERATED by a burning firey INFERNO but cant accept #GlobalWarming!! HELLO!!!,1
10817,wrecked,At your back,Wrecked emotions.,0
2991,dead,United States,Typhoon Soudelor taking dead aim at Taiwan http://t.co/BhsUxVq6NF,1
6370,hostages,,"New #Free #Porn #Clip! Taking Of Hostages Dangerous For Favors Free: http://t.co/MIubkZ77m6

#RT #adult #sex #tube",0
1402,body%20bag,Paignton,?? New Ladies Shoulder Tote #Handbag Faux Leather Hobo Purse Cross Body Bag #Womens http://t.co/zujwUiomb3 http://t.co/GBCtmhx7pW,0
7573,outbreak,"ÌÏT: 6.488400524109015,3.352798039832285",Families to sue over Legionnaires: More than 40 families affected by the fatal outbreak of Legionnaires' disea... http://t.co/1H7zk6UYze,1
6648,inundation,,Sprinklers: FAQ About Lawn Inundation Systems Answered eBb,0
5385,fire%20truck,Five down from the Coffeeshop,"Came across this fire video not mine..enjoy..Babes way of saying hi to me while he's in the fire truck??
#fireman #Û_ http://t.co/V5gTUnwohy",0
4250,drowning,New York,The Drowning Girl by Caitlin R. Kiernan Centipede Press Signed numbered Limited - Full reÛ_ http://t.co/mwcNVtCXVU http://t.co/ClOLmorpLd,0
8285,rioting,India,The Ashes Test match is currently more interesting than stupid Congress rioting...,1
7540,oil%20spill,,Refugio oil spill may have been costlier bigger than projected http://t.co/zdtcw9Fsx1,1
3959,devastation,,@ssssnell yeah I agree but it's the shock factor that ropes people in if they just show devastation then it angers me,0
253,ambulance,,Twelve feared killed in Pakistani air ambulance helicopter crash http://t.co/Xum8YLcb4Q,1
4401,electrocute,,@devon_breneman hopefully it doesn't electrocute your heated blanket lmao,0
9217,suicide%20bombing,,&lt; Suicide Bombing Of European Union Car Kills At Least Three In Kabul on http://t.co/o6aRmcgVbS,1
7413,obliterated,,Drunk Meals 101: What To Cook When You're Totally Obliterated http://t.co/QvS7O10bG3,0
8161,rescuers,,VIDEO: 'We're picking up bodies from water': Rescuers are searching for hundreds of migrants in the Mediterran... http://t.co/zG1YddywA5,1
6191,hijacker,"Louisville, KY",Remove the http://t.co/VbqmZ5aPwj and Linkury Browser Hijacker http://t.co/C2EyjNyBfN http://t.co/gt7gf0fSeX,1
8945,storm,"State College, Pa",Typhoon Soudelor was captured in this incredible NASA photo on it's way to Taiwan! http://t.co/dGGm5b0w4L http://t.co/eYr2Xx5l1p,1
4787,evacuated,"Harpurhey, Manchester, UK",Trafford Centre film fans angry after Odeon cinema evacuated following false fire alarm   http://t.co/6GLDwx71DA,0
1441,body%20bagging,New Your,@BroseidonRex @dapurplesharpie I skimmed through twitter and missed this body bagging.,0
10315,weapon,?????,Abe's government made clear that grenades were not 'weapon.',1
3370,demolition,11202,Demolition Means Progress: Flint Michigan and the Fate of the American Metropolis Highsmith https://t.co/ZvoBMDxHGP,1
9948,trouble,"Palo Alto, CA",Reddit's new content policy shows that maybe Reddit can't have it all http://t.co/YO3T8qho9h via @nkulw http://t.co/8oDTzMvqaR,0
5170,fatalities,,@kyrikoni @ExpressandStar Who said veg and fruit was good for you. Hope there's been no injuries or fatalities.,0
9524,terrorist,,@BarackObama Senator John McCainÛªs Whoops Moment : Photographed Chilling With ISISÛ_ http://t.co/JNrOMsE1Z2 @acmilan http://t.co/w6Yu7Qs4CV,0
4567,emergency%20plan,Surrey & Manchester,NHS England announces new plan to meet emergency care targets http://t.co/0x2BIEqXPV,0
314,annihilated,The Canopy Kingdom,BOOM! Your country was just entirely annihilated by a hÛ_ ÛÓ Britain https://t.co/IrFCn71sZv,0
6087,hellfire,,The Prophet (peace be upon him) said 'Save yourself from Hellfire even if it is by giving half a date in charity.',0
5342,fire,,#news Politifiact: Harry Reid's '30 Percent of Women Served' Planned Parenthood Claim Is a 'Pants on Fire' Lie... http://t.co/bMSeDZOfSV,0
10106,typhoon,Dhaka,Obama Declares Disaster for Typhoon-Devastated Saipan: Obama signs disaster declaration for Northern Marians a... http://t.co/lEYJwNnAH8,1
8334,rubble,Made Here In Detroit ,#360WiseNews : China's Stock Market Crash: Are There Gems In The Rubble? http://t.co/aOd2ftBMGU,1
6738,lava,buffalo / madrid / granada,let's play the floor is lava but instead of just the floor let's play with the whole world and never get out of bed http://t.co/aKQ4RwjFVL,0
10201,violent%20storm,New Zealand,Storm batters top half of North Island: A violent overnight storm has battered the upper North Island uprootin... http://t.co/fHVOkmpheD,1
7953,rainstorm,Seattle,@Robot_Rainstorm I'm a huge football fan as you know but I've never done fantasy leagues. Patience for a newbie?,0
1770,buildings%20burning,,"http://t.co/WRB7Xd8W5y
CROYDON RIOTS- The Next Day: Burning Buildings in High Street &amp; crowds at Reeves Corner
Croydonization
August 2011",1
2260,cliff%20fall,At Da Laundry Mat Wit Nivea ,2Leezy its like you're about to fall down a cliff but you're grabbing my hand but my palms are sweaty ... Why bruh? https://t.co/GrWdr4kuf3,1
10153,upheaval,Karachi,"@nytimes 
Due to upheaval created by the west in Iraq Syria Libya etc.",1
2222,chemical%20emergency,"Annapolis, MD",Explosion at chemical site leads to building collapse near Krefeld Germany. Emergency crews on scene; avoid the area. #iJETalerts,1
4755,evacuate,//??//,Tonight is being quite interesting... A few minutes ago the fire system went off and we had to evacuate the building.,1
10607,wounded,"Suva, Fiji Islands.",GENERAL AUDIENCE: On Wounded Families | ZENIT - The World Seen From Rome http://t.co/hFvnyfT78C,0
2455,collided,,My 2 fav worlds have collided! Thanks to @lennonparham @Jessica_StClair I found the @GilmoreGuysShow podcast!! #ihave44episodesofGG #nojoke,0
8939,snowstorm,"Austin, TX",@PrablematicLA @Adweek I'm actually currently dressed for a snowstorm...despite being in the middle of a Texas summer. Thanks office A/C.,1
5420,first%20responders,"Portage, IN / Worldwide",Û÷We Can HelpÛª Says Denver Firefighter Working To Curb First Responder Suicide http://t.co/WtaFaepuKZ,1
9500,terrorist,world,Update on Pulwama encounter that began earlier today: 2nd terrorist killed by security forces. Security forces...  http://t.co/m5RjekVDDp,1
7761,police,,Police expand search for missing pregnant woman in Beloeil: Police in Richelieu-Saint-Laurent are expanding th... http://t.co/hMuyzmv8qH,0
10855,,,Evacuation order lifted for town of Roosevelt: http://t.co/EDyfo6E2PU http://t.co/M5KxLPKFA1,1
2081,casualty,Virginia,@AvBronstein @Popehat @instapundit @KurtSchlichter Also are you aware of the casualty estimates for an invasion of Japan's home islands?,1
2289,cliff%20fall,Sydney Australia,News Update Huge cliff landslide on road in China - Watch the moment a cliff collapses as huge chunks of rock fall... http://t.co/gaBd0cjmAG,1
10392,whirlwind,Frostburg,HELP I'M IN A WHIRLWIND OF NOSTALGIA,0
10724,wreck,"Innsmouth, Mass.",A staged locomotive wreck what could possibly go wrong? http://t.co/Ei9x4H8tHm,0
6626,inundated,Milton keynes,Brace yourself @samaritans by Sunday evening you will inundated with thousands of calls from depressed @Arsenal fans http://t.co/HexPc77otN,0
2098,casualty,,Casualty Roleplay somebody please am so bored,0
1213,blizzard,"Washington, USA",@Blizzard_draco @LoneWolffur also me please I would very much like a link,0
1498,body%20bags,,Womens Flower Printed Shoulder Handbags Cross Body Metal Chain Satchel Bags Blue http://t.co/rjZw6C8asX http://t.co/WtdIav11ua,0
1702,bridge%20collapse,UK,Australia's Ashes disaster - how the collapse unfolded at Trent Bridge - Telegraph http://t.co/6FYnerMUsG,1
5226,fatality,,Wow fatality on 101 big rig hit motorcyclist blood everywhere ?? wow. I'm sick.,1
2539,collision,Colorado,#Colorado #News Motorcyclist bicyclist injured in Denver collision on Broadway: At least two people were tak... http://t.co/2iAFPmqJeP,1
1921,burning%20buildings,"Sacramento, CA",Killing Black Babies at Planned Parenthood where's the demonstrations looting of PP burning down the buildings Black Babies Lives Matter,1
9454,terrorism,,"Truth...
https://t.co/beJfTYgJIL
#News
#BBC
#CNN
#Islam
#Truth
#god
#ISIS
#terrorism
#Quran
#Lies http://t.co/jlCZiDZ7Vu",0
8143,rescuers,Westerland,VIDEO: 'We're picking up bodies from water': Rescuers are searching for hundreds of migrants in the Mediterran... http://t.co/s5NuEGSwYj,1
7155,mudslide,Nottingham,'It looks like a mudslide' 'It's like chewing on rubber' #GBBO ??????,0
1195,blizzard,Himalayan Mountains,#Tweet4Taiji is a dolphin worship group based on superstitions! Just take a look at their tweets!,1
919,bioterrorism,,@cspanwj If 90BLKs&amp;8WHTs colluded 2 take WHT F @USAgov AUTH Hostage&amp;2 make her look BLK w/Bioterrorism&amp;use her lgl/org IDis ID still hers?,1
10299,weapon,,GUN FIREARM WEAPON VECTOR CLIP ART FOR VINYL SIGN CUTTER RIFLE GUNS WEAPONS http://t.co/sdOgEF3kFT http://t.co/x0giy85BS8,0
10603,wounded,Worldwide - Global,Gunmen kill four in El Salvador bus attack: Suspected Salvadoran gang members killed four people and wounded s... http://t.co/CNtwB6ScZj,1
9346,survived,"Brentwood,TN",Even when I was a kid haha super late but folks used to bash me for that shit I understand he survived cancer but he still cheated,0
9577,thunder,,The one thing I like about here is thunder .. Heheh,0
934,blaze,"Eagle Mountain, Texas ",Blaze is my bro http://t.co/UdKeSJ01mL,0
9853,trauma,,Today was trauma on top of trauma on top of  trauma in Richmond so I know work is going to be crazy the next two days,0
7550,outbreak,"EspaÌ±a, Spain",Legionnaires' Disease: What's Being Done to Stop Deadly Outbreak http://t.co/AjzY19Vepu,1
979,blazing,"Dallas, TX",Bright &amp; BLAZING Fireman Birthday Party http://t.co/9rFo9GY3nE #Weddings,0
9264,sunk,"London, England",It still hasn't sunk in that I've actually met my Idol ????,0
6037,heat%20wave,,@rawfoodbliss I'm in the middle of a humid heat wave and a patch on my forehead flared up. I take olive oli extract and 4 tbs olive oil,0
504,army,twitch.tv/naturalemblem26,Seeing that army of whitewalkers was the very first thing that has slightly intrigued me on GoT so far,0
7522,oil%20spill,"Goa, India",California: Spring Oil Spill Estimate Grows: Documents released on Wednesday disclosed that an oil sp... http://t.co/zqiHnHDWPV #OSI2016,1
5295,fear,,'...As of right now I'm reopening the X-Files. That's what they fear the most.' #TheXFiles201Days,0
3636,desolation,Subconscious LA,Emotional Desolation the effect of alcoholism/addiction on family - http://t.co/31tGtLz3YA Forgiving is hard http://t.co/C7rcO2eMwF,0
7790,police,Indonesia,Oops: Bounty hunters try to raid Phoenix police chief's home: A group of armed bounty hunters surrounded the h... http://t.co/dGELJ8rYt9,1
4112,drought,Caribbean,"Heat wave is relentless:  91å¡F Feels Like 100 Humidity 55% +
relentless drought too: now Dominicana. I know is worse in other places.",1
543,army,,One Direction Is my pick for http://t.co/q2eBlOKeVE Fan Army #Directioners http://t.co/eNCmhz6y34 x1434,0
1221,blizzard,,I really wanna brownie batter blizzard ??,0
6843,loud%20bang,English Midlands,"St steel coffee cafetiere exploded this am with loud bang hot coffee &amp; grounds shot over table clean crockery phone
tablet. How?",1
2111,catastrophe,"West Virginia, USA",Cultivating Joy In The Face Of Catastrophe And Suffering http://t.co/o0LTQDJbQe #pjnet #tcotåÊ#ccot http://t.co/MO9wpTyqkp,0
1626,bombed,"Warwick, RI @Dollarocracy also",Storm in RI worse than last hurricane. My city&amp;3others hardest hit. My yard looks like it was bombed. Around 20000K still without power,1
7403,obliterated,,air sunrays obliterated on its hairy head like a dried wire spiderweb,0
569,arson,USA,Palestinian Teen Killed Amid Protests Against Arson Attack http://t.co/okVsImoGic,1
604,arsonist,Worldwide,Suspected serial arsonist arrested in Calif. http://t.co/PzotPDGAkI,1
4731,evacuate,,Condemnation clearly replacing the latest response aimlessly dryer evacuate detersion de: HLg,1
5985,hazardous,"Nashville, Tn",Wholesale #WE Gon Rep That $hit At All Costs- Hazardous #WholeTeam3 #WholesaleEnt https://t.co/JWnXH9Q5ov,0
4868,explode,London / Berlin / Online,'I eat because it makes my mouth explode with joy and my soul rise upwards.' ~ http://t.co/mOdM8X1Ot9 http://t.co/oSsC7Q12iR,0
10818,wrecked,,The Riddler would be the best early-exit primary presidential wannabe ever all certain of his chances until he gets wrecked by a rich guy,0
1703,bridge%20collapse,Nigeria,@followlasg This is urgentthere is currently a 3 storey building at church B/stop Oworoshoki Third mainland bridge which likely to collapse,1
9820,trauma,I rap to burn shame.,@PTSD_Chat Yes. I feel the root of that is Shame - which can be found in the rubble of most trauma. #PTSDchat,1
9207,suicide%20bombing,,'Suicide bombing at [location named]...' #premonitions http://t.co/iIkSsJGBDn,1
7826,quarantine,Geneva. And beyond. ,Wired: Reddit Will Now Quarantine Offensive Content - Reddit co-founder and CEO Steve Huffman has unveiled more sp... http://t.co/aByHRgsS1s,0
1823,burned,germany,I should probably stay away from hot glue guns.. I burned one finger pretty bad,0
1343,blown%20up,Georgia,Man why hasn't @machinegunkelly blown up? He's still underground.,0
2501,collided,,Cyclist who collided with runner on Roanoke greenway wins $300000 civil verdict - Roanoke Times: Cyclist who c... http://t.co/E2WfGp8JHk,1
681,attack,Mumbai,India shud not give any evidence 2 pak.They will share with terrorists &amp; use for next attack.Share with oth contries https://t.co/qioPbTIUVu,1
7844,quarantine,,Reddit Will Now Quarantine Offensive Content http://t.co/LTmgdP6Jaf,1
10812,wrecked,,I wrecked my stomach help,0
10550,windstorm,"Lagos, Nigeria",NEMA Ekiti distributed relief materials to affected victims of Rain/Windstorm disaster at Ode-Ekiti in Gbonyin LGA.,1
9216,suicide%20bombing,Chicago IL,bout to go suicide bombing http://t.co/ZoIPkPBD6o,1
2799,curfew,Miami,In the beginning of summer my mom made my curfew 1 now it's back to 12 and I can never go out and she wonders why I'm always at home,0
6625,inundated,"UK, Republic of Ireland and Australia",Inundated with employee holiday request paperwork? Our cloud based HR software @hronlinetweets will help simplify your staffing logistics.,0
1214,blizzard,The ?? below ???,@BubblyCuteOne ?????????? ok ok okayyyyyy Ima act right ....bout to get this blizzard tho,1
7234,natural%20disaster,"Pennsylvania, USA",@BookTubeAThon A world in which people aren't dying from natural and supernatural disaster and war most likely.,0
7702,panicking,?,I hear the mumbling i hear the cackling i got em scared shook panicking,0
551,arson,USA,Thousands attend a rally organized by Peace Now protesting the arson attack that took the life of an http://t.co/bvCKd9pdTi,1
9480,terrorism,,"Truth...
https://t.co/2Y4RGob7pj
#News
#BBC
#CNN
#Islam
#Truth
#god
#ISIS
#terrorism
#Quran
#Lies http://t.co/mVes6VsSyN",1
10754,wreckage,Punjab,Wreckage 'Conclusively Confirmed' as From MH370: Malaysia PM,1
3899,devastated,Manchester,@Meganbee92 @kadiegrr im just devastated that when  it ends I will no longer see tyler blackburns face on pll xxx,0
6039,heat%20wave,"Greenfield, Massachusetts","Many thx for share and your comment Alex Lightman - 

What evidence did it take or will it take for you or your... http://t.co/4Wsva9WO0F",0
4189,drown,"Layang-Layang, Perak",Drown by Bring Me the Horizon (at Information Resources Centre (UTP)) ÛÓ https://t.co/7vSqQSvGNI,0
1754,buildings%20burning,Selma2Oakland,People are more worried about the burning of buildings than black people losing their lives disgusting.,1
7418,obliterated,"Wynne, AR",@RockBottomRadFM As a kid I remember hearing rules about 30 to 90 days wo a defense and you're stripped. Brock obliterated that,0
432,apocalypse,Buffalo NY,There's a Storm over Cairo in the latest 'X-Men Apocalypse' set photo https://t.co/fS012trUDG via @YahooTV,1
7089,meltdown,Canada,Have you read this awesome book yet?  The Two Trillion Dollar Meltdown  http://t.co/jPA6sajFE3,0
8580,screams,lost in history,"SCREAMS. WHERE IS EVERYONE.

oh wait school

ok

im ok",0
4180,drown,"Saint Louis, Missouri",I keep it out down drown their insults out with what I feel is devote pride ten fold action with reprocussions set at birth retroactive.,0
7431,obliterated,"Miami, FL",I can't wait to be beyond obliterated this weekend,0
7134,military,302,13 reasons why we love women in the military   - lulgzimbestpicts http://t.co/uZ1yiZ7n6m http://t.co/IjwAr15H16,0
8546,screams,,When you on the phone and @Worstoverdose screams 'jaileens caked up on the phone' so everyone looks at you ????????????,0
5776,forest%20fires,Based in CA - Serve Nationwide,Property losses from northern California wildfire nearly double http://t.co/oTfW5SEkD7 via @YahooNews,1
9242,sunk,mainly California,why wasn't this warship sunk?      CNN: First on CNN: Iranian warship points weapon at U.S. helicopter official says http://t.co/hfZk09McEN,1
5822,hail,,@Flow397 Coming atcha from Boston. Had golfball sized hail yesterday sunny amazing skies today! #ParkChat,0
1152,blight,"Colombo,Sri Lanka.","Releases on the planing level -

1. Constellation - Blight on Gaia - iClown's Drumstep Remix
2.iClown - Infinity... http://t.co/7LE5GQ2Psx",0
1185,blizzard,columbus ohio,@StevenOnTwatter @PussyxDestroyer just order a blizzard pay then put your nuts in it say they have you ball flavored. Boom free ice cream,0
4039,disaster,"Alexandria, VA",Four Technologies That Could Let Humans Survive Environmental Disaster - http://t.co/4RTpJrHsqe,0
5980,hazard,UK,"Our tipster previews Chelsea v Swansea &amp; there's a 48/1 double! http://t.co/PFSrYJS1pc 
#Chelsea #Hazard http://t.co/SKdBot7TGF",0
5620,flooding,,Flooding ???? http://t.co/WVeO9ED10e,1
5270,fear,"Largo, MD",Men fear the feeling of being 'controlled' by a woman. Or passive aggressively being coerced into commitment before they're ready...,0
857,bioterror,"Atlanta, GA",FedEx no longer will ship potential bioterror pathogens - FedEx Corp. (NYSE: FDX) will no longer deliver packages ... http://t.co/2kdq56xTWs,1
7444,obliterated,,I think I'll get obliterated tonight,0
512,army,,Vote for #Directioners vs #Queens in the 5th round of the @Billboard #FanArmyFaceOff http://t.co/Kgtxnnbj7y,0
8366,ruin,"Long Beach, CA",You wanna ruin a relationship? Just ask 'what are your intentions' and you'll do it,0
1693,bridge%20collapse,Boston,Two giant cranes holding a bridge collapse into nearby homes http://t.co/5t69Ev0xTi via http://t.co/Nyp8OQ2Z9T,1
7560,outbreak,Bandung,Families to sue over Legionnaires: More than 40 families affected by the fatal outbreak of Legionnaires' disea... http://t.co/3sNyOOhseq,1
1649,bombing,"Overland Park, KS",Japan Marks 70th Anniversary of Hiroshima Atomic Bombing http://t.co/cQLM9jOJOP,1
3071,deaths,Wakanda,@StrickSkin @NicksComics Lol usually but I'm being objective here. Maybe Uncle Ben of course. Most deaths end up business as usual,0
5529,flattened,Barbados,"#Floored4 #Flattened 

Early birds does get de cups .... so lag bout pun de dock and watch ppl drinkÛ_ https://t.co/r5StV25ZhQ",0
1073,bleeding,#expelcl*y,my ears are bleeding i hate stefano,0
266,ambulance,,Pakistan air ambulance helicopter crash kills nine http://t.co/8E7rY8eBMf,1
4077,displaced,Pedophile hunting ground,.POTUS #StrategicPatience is a strategy for #Genocide; refugees; IDP Internally displaced people; horror; etc. https://t.co/rqWuoy1fm4,1
10455,wild%20fires,"North Carolina, USA",@Jennife29916207 I was thinking about you today when I was reading about the wild fires,1
5579,flood,New York,12' 72W CREE LED Work Light Bar Alloy Spot Flood Combo Diving Offroad 4WD Boat - Full readÛ_ http://t.co/XWN7rgVkzC http://t.co/SWPDQ84boI,0
8450,screamed,"San Diego, CA","OMFG??
Didnt expect Drag Me Down to be the first song Pandora played 

OMFG I SCREAMED SO LOUD
My coworker is scared http://t.co/VzcvAdkcQp",1
5207,fatalities,Just Happy to Be Anywhere,.@KurtSchlichter Yep considering that *millions* of Japanese fatalities were projected for Downfall. @_FreeMarketeer @dibang,1
8961,storm,"Atlanta, GA",Crazy storm hit and I'm trapped inside a Hobby Lobby AMA http://t.co/8qc8Bcxoko,1
7758,police,,Vinnie Jones goes on the beat with Northumbria Police http://t.co/UP30AQgnLf,0
2521,collision,Mumbai,ThisIsFaz: Anti Collision Rear- #technology #cool http://t.co/KEfxTjTAKB Via Techesback #Tech,0
5517,flattened,"Astley, Manchester",Feel like I've been flattened by a sumo wrestler ???? no pain no gain #muaytai #wantmyabsback #strong ????,0
3513,derailment,"Chicago, IL 60607",Still and Box alarm for the train derailment at 61st and Calumet struck out on the orders of 2-1-21. #ChicagoScanner,1
9994,tsunami,"Austin, TX",Dr. Jim &amp; the tsunami: The latest New Yorker warned us in no uncertain terms. Haven't you heard? The tsunami's... http://t.co/1RrEO2jG9u,0
9501,terrorist,,HereÛªs how media in Pakistan covered the capture of terrorist Mohammed Naved http://t.co/f7WqpCEkg2,0
8213,riot,,"Riot Kit Bah - part of the new concept Gear coming for Autumn/Winter
#menswear #fashion #urbanfashionÛ_ https://t.co/cCwzDTFbUS",0
10749,wreckage,,Wreckage 'Conclusively Confirmed' as From MH370: Malaysia PM: Investigators and the families of those who were... http://t.co/KfzvMXj9ST,1
9100,suicide%20bomb,Lagos,Pic of 16yr old PKK suicide bomber who detonated bomb in Turkey Army trench released http://t.co/uJNRGFAnGj http://t.co/TmIpEgQyeV,1
1486,body%20bags,CA,BESTSELLER! Fossil Dawson Mini Cross Body Bag EsÛ_ $98.00 http://t.co/HhHvKxFAIH,0
7195,natural%20disaster,home ,she's a natural disaster she's the last of the American girls ??,0
2617,crashed,The Pig Sty,&gt; Bin Laden family plane crashed after 'avoiding microlight and landing too far down runway... http://t.co/Tu9cgLmgVR #rochdale #heywood,1
8286,rioting,The Weird Part of Wonderland,"people rioting everywhere and I think I'd be one of them.'

Usami-san &lt;3",1
8062,rescue,#HarleyChick#PJNT#RunBenRun,Coastal German Shepherd Rescue OC shared a link... http://t.co/P85NwcMkQu #animalrescue | https://t.co/wUDlkq7ncx,0
9874,traumatised,,@MPRnews 600!!! WOW!!! that's a lot of traumatised kids!!!!!,0
6928,mass%20murderer,Chester Football Club,@VictoriaGittins what do you take me for I'm not a mass murderer! Just the one...,0
10329,weapon,,Weapon's catalogue~,0
198,airplane%20accident,"Salt Lake City, Utah",@crobscarla your lifetime odds of dying from an airplane accident are 1 in 8015.,0
1914,burning,Australian Capital Territory,#?x?: :and to counter acts such as the burning of the Alexandrian library.,1
4542,emergency,,Denali wolf population declined from 143 in 2007 2 just 48 in 2015. Reinstate emergency buffer zone #ProtectDenaliWolves @Alaska @adndotcom,1
2277,cliff%20fall,,I hope they fall off a cliff.,0
1569,bomb,,What would it look like if Hiroshima bomb hit Detroit?: Thursday marks the 70-year anniversary of the United S... http://t.co/6sy44kyYsD,1
8924,snowstorm,"South, USA",Sassy city girl country hunk stranded in Smoky Mountain snowstorm #AoMS http://t.co/HDJS9RNtJ4 #ibooklove #bookboost,1
4848,evacuation,Yellowknife,ÛÏA voluntary evacuation is being recommended at this timeÛ for Pickerel Lake cabins across highway from #Reidlake fire says MACA #NWT #YZF,1
9324,survive,Back East in PA,Help me survive the zombie apocalypse at the Zombie Fun Run on November 15th. https://t.co/kgSwhSr7Mn #teamsurvivors #zombiefunrun2014,0
8028,refugees,,y'all read 12000 Nigerian refugees repatriated from Cameroon http://t.co/aVwE1LBvhn,1
5255,fatality,Earth ,I liked a @YouTube video from @deathmule http://t.co/sxHGFIThJw MK X Tremors Stalag Might Fatality on Ermac Tournament Pharaoh,0
3475,derailed,"Enterprise, Alabama","Has #IdentityTheft Derailed Your #TaxReturn? 
8 Steps for Cleaning Up an  #IdentityTheft Train Wreck. #CRI
http://t.co/gxQWD1qZBd",0
6434,hurricane,,Ashley and I on going to hurricane harbor Friday. ?? http://t.co/ScEfPFvAEU,1
4117,drought,Canada,@gfrost1985 @jeffpalmer16 @MLB @BlueJays why you so salty and scared when we have a drought like you said?,0
1719,bridge%20collapse,,A Marshall Plan for the United States by Dambisa Moyo via @ProSyn #oped http://t.co/l5g2zJ3kgG via @po_st,0
9571,thunder,Gander NF,Random wind gust just came through #Gander.  Probably some convection outflow.  Haven't heard any thunder yet but a few spits of rain #nlwx,1
7442,obliterated,"Birmingham, England",&amp; on the rare occasion I do go out I'm complete obliterated the next day. Throwing up and passing out. My body is accustomed to alcohol,0
3061,deaths,,RT @TrueDiagnosis: 250K deaths per year from #physician error: http://t.co/DUtYzQR2P7åÊ How to avoid being one of them: http://t.co/OznsxxvxÛ_,1
10058,typhoon,,#Breaking144 Obama Declares Disaster for Typhoon-Devastated Saipan: Obama signs disaster declarat... http://t.co/M8CIKs60BX #AceNewsDesk,1
2559,crash,,'A slamming door and a lesson learned... I let another lover crash and burn'??,0
5947,hazard,a van down by the river,@phiddleface NOT IF THERES A CHOKING HAZARD!!! ???? dont die before i get there!!,0
10765,wreckage,iTunes,#science Now that a piece of wreckage from flight MH370 has been confirmed on RÌ©union Island is it possible t...  http://t.co/qNVXJ2pAlJ,1
8903,snowstorm,Manchester,@Groupon_UK it won't let me as you don't follow me,0
3788,destruction,London,@Bonn1eGreer The Angel of History propelled into the future by the winds of progress leaves in its wake piles of death and destruction. WB,0
9775,trapped,????s ?? ????Ìø????Ì¡a,(?EudryLantiqua?) Hollywood Movie About Trapped Miners Released in Chile: 'The 33' Holly... http://t.co/us1DMdXZVb (?EudryLantiqua?),1
3494,derailed,"Alexandria, VA",.@unsuckdcmetro Is the train half-derailed or half-railed? #deepthoughts,1
6662,landslide,"Austin, Texas",@toddstarnes Enjoy the impending landslide Todd. Hehe.,0
5476,flames,,I'll cry until my pity party's in flames ????,0
7559,outbreak,,Families to sue over Legionnaires: More than 40 families affected by the fatal outbreak of Legionnaires' disease in Edinburgh are to ...,1
3054,deaths,,Bigamist and his Û÷firstÛª wife are charged in the deaths of his Û÷secondÛª pregnant wife her child 8 her mother her nephew 1 and their uÛ_,0
372,annihilation,,@Barbi_Twins We need help-horses will die! Please RT &amp; sign petition! Take a stand &amp; be a voice for them! #gilbert23 https://t.co/e8dl1lNCVu,0
1840,burned,"Gainesville, FL",burned 129 calories doing 24 minutes of Walking 3.5 mph brisk pace #myfitnesspal,1
5002,explosion,New York,New Explosion-proof Tempered Glass Screen Protector Film for Blackberry Z10 - Full read byÛ_ http://t.co/hQZFcXxRsB http://t.co/0VWPdIzckO,0
9971,tsunami,"Louavul, KY",#BBShelli seems pretty sure she's the one that's going to stay! #BB17,0
7043,mayhem,"Detroit, Michigan",I liked a @YouTube video from @itsjustinstuart http://t.co/Mnkaji2Q1N GUN RANGE MAYHEM!,0
5326,fire,,I See Fire,0
8223,riot,"Utah, USA",@ByTorrecilla Torrecilla We Always info the Secret on LoL Game Check the Secret to get 600.000 Riot Points on my Bio,0
6681,landslide,,being stuck on a sleeper train for 24 hours after de-railing due to a landslide was most definitely the pit of the trip,1
4737,evacuate,,louis is sad. cancel the show now. everyone leave. evacuate. this CANNOT go on.,0
5092,famine,,Bolshevik government monopolized food supply to seize power over hunhry population. Artificial famine was the result https://t.co/0xOUv7DHWz,1
1652,bombing,Puerto Rico,Japan Marks 70th Anniversary of Hiroshima Atomic Bombing http://t.co/jzgxwRgFQg,1
6398,hurricane,,They should name hurricanes with black people names. I'd be terrified of hurricane Shanaynay!,0
8500,screaming,tx,@camilacabello97 Internally and externally screaming,1
8393,sandstorm,USA,Watch This Airport Get Swallowed Up By A Sandstorm In Under A Minute http://t.co/mkWyvM3i8r,1
8760,siren,Michel Delving.,Apparently they're going to have a WW2 siren to announce something. Not sure if that's fun or dull bc the WW2 siren is a v monotonous sound.,0
9027,stretcher,philly ,Lately I been stressing make me wanna put a fuck nigga on a stretcher!,0
652,attack,Location,"BREAKING: Terror Attack On
Police Post #Udhampur",1
10704,wreck,"Atlanta, Georgia",#Trump debate will be most highly watched show tonight even among progressives. I too will watch hoping for a spectacular flaming wreck.,0
6480,injured,India,#BreakingNews Militants attack Udhampur police post; 2 SPOs injured http://t.co/EqCCrTlnbd,1
10395,whirlwind,Canterbury kent,Only been back 10 &amp; a whirlwind has hit jaiden started open his present straight away didn't even get chance get in &amp; sit down lol,0
3778,destruction,Yooooooo,What's happening? A destruction indeed http://t.co/tUX0YPwZuR,0
9102,suicide%20bomb,,...//..// whao.. Pic of 16yr old PKK suicide bomber who detonated bomb in Turkey Army trench released http://t.co/tuVbR4lEP3,1
8715,sinking,,In the movie 'Titanic' Jack and Rose both could have stayed on the wooden beam without it sinking.,0
5095,famine,Ireland,I've experienced the smell of rotting potatoes for the first time. The Famine must have been awful if the whole country smelled like that.,1
6254,hijacking,"Athens,Greece",The Murderous Story Of AmericaÛªs First Hijacking http://t.co/EYUGk6byxr,1
6383,hostages,The Universe,Cont'd- #Sinjar: referring to a 40-pg document the group put together on the movt of #Yazidi hostages in the days following #IS massacre [2],1
9172,suicide%20bomber,,"@Abu_Baraa1 Suicide bomber targets Saudi mosque at least 13 dead - Suicide bomber targets Saudi mosque at least 13 dead
This is ridiculous",1
9556,threat,"Kwajalein/Virginia/Dayton, OH",@dmassa5 Definite triple crown threat. Him and Harper both.,1
9574,thunder,,@OriginalFunko @Spencers THUNDER BUDDYS!!!! THUNDER BUDDYS!!!!,1
3722,destroyed,USA,Black Eye 9: A space battle occurred at Star O784 involving 2 fleets totaling 3942 ships with 13 destroyed,0
10737,wreckage,,Wreckage 'Conclusively Confirmed' as From MH370: Malaysia PM: Investigators and the families of those who were... http://t.co/gRh7zLK979,1
6749,lightning,,Thunder and lightning possible in the Pinpoint Foothill Forecast. http://t.co/CtIjdPXABk,1
2429,collide,EspÌ_rito Santo,Maybe if the stars align maybe if our worlds collide,0
6765,lightning,,iCASEIT - MFi Certified Lightning Cable - 1m http://t.co/b32Jmvsb1E http://t.co/XKMiJGY59T,0
7116,military,USA,Mike Magner Discusses A Trust Betrayed: http://t.co/psbxl1HvU3 via @YouTube #military #veterans #environment,0
1316,bloody,"peekskill. new york, 10566 ",Bloody Mary in the sink. Beet juice http://t.co/LUigmHMa1i,0
3359,demolition,MA,demolition 1 &amp; 2 still the most fire freestyles ever,0
5520,flattened,"Frome, Somerset, England",Zouma has just absolutely flattened that guy ??,0
8714,sinking,,that horrible sinking feeling when youÛªve been at home on your phone for a while and you realise its been on 3G this whole time,0
814,battle,,A young German stormtrooper engaged in the Battle of the Somme 1916. [800 ÌÑ 582 ] http://t.co/yxvMifLvc4,1
10421,whirlwind,Internet,Richard returns after whirlwind few days http://t.co/L8W30WFW3R #MLB,1
10783,wreckage,"Xi'an, China",Wreckage 'conclusively confirmed' as from missing flight MH370 via @YahooNewsDigest,1
6165,hijack,,Swansea Û÷plot hijack transfer move for Southampton target Virgil van DijkÛª http://t.co/PVmr38LnvA,1
4611,emergency%20services,Auckland,Emergency services unsure how to cope with loss of paging network http://t.co/UXqKIeqDyf,0
876,bioterror,"Espoo, Finland",USATODAY: On today's #frontpage: #Bioterror lab faced secret sanctions. #RickPerry doesn't make the cut for FoxNewÛ_ http://t.co/xFHh2XF9Ga,1
4856,evacuation,,"This is an evil generation
Rock and roll evacuation!
As far as the eye can see!
(Hey hey hey hey!)",0
864,bioterror,"Atlanta, GA",FedEx no longer will transport bioterror germs http://t.co/SHrhkfj1bC via @usatoday,0
4768,evacuated,"Portland, Oregon",Red Cross re-opens shelter at Bickleton School after 25 homes evacuated in &amp; around Roosevelt WA due to wildfire. #LiveOnK2,1
651,attack,,http://t.co/pTKrXtZjtV  Nashville Theater Attack: Will Gun Grabbers Now Demand ÛÏHatchet Control?Û,1
7187,mudslide,Ireland,@MarianKeyes Rubber Mudslide! Still laughing!,0
6811,loud%20bang,,Who the fuck plays music extremely loud at 9am on a Tuesday morning?? Bruv do they want me to come bang them??,0
713,attacked,,Christian Attacked by Muslims at the Temple Mount after Waving Israeli Flag via Pamela Geller - ... http://t.co/f5MiuhqaBy,1
7459,obliteration,Maryland,@AuntieDote @RioSlade @Locke_Wiggins @akarb74 Not if one side is set on obliteration of govt and the other on fixing it. That's too far,0
987,blazing,,@DanRyckert @drewscanlon He's blazing through this game with the best stealth skills yet. Nothing beats the silenced M4.,0
7724,panicking,Georgia,?You should be scared. You should be screaming and panicking.? THIS REDEEMER http://t.co/4h8qYvvd0E #romanticsuspense,0
8681,sinkhole,Greenpoint,@DavidCovucci We can't because a sinkhole swallowed every taco place in the neighborhood,0
5621,flooding,Metro Manila,@adorableappple No reported flooding po in the area. Ten-4. #mmda,0
6093,hellfire,United Hoods of the Globe,HELLFIRE EP - SILENTMIND &amp; @_bookofdaniel  https://t.co/FKqJY3EzyG,0
9059,structural%20failure,USA,Virgin galactic crash: early unlocking of brakes triggered structural failure - Irish Examiner http://t.co/ocMCvfDZkv,1
9438,survivors,,Haunting memories drawn by survivors http://t.co/WJ7UjFs8Fd,1
10012,twister,"Las Vegas, NV ","950. If a landslide tumbles down todayI'm on your side

And if a twister sweeps it all away-

YOU'RE ON YOUR OWN BITCH!*runs into distance*",1
7584,outbreak,SÌ£o Paulo,Families to sue over Legionnaires' disease outbreak in Edinburgh - BBC News http://t.co/rM6CNzkSzL,1
8830,sirens,"Decatur, GA",'If you looking for my niggas you can follow the sirens.' ????,0
6012,hazardous,,Caution: breathing may be hazardous to your health.,1
8696,sinking,,@supernovalester I feel so bad for them. I can literally feel that feeling of your heart sinking bc you didn't get anyone ugh jfc,0
8458,screamed,,I just got screamed at for asking my dad to move half a step so I could get through....,0
7158,mudslide,Tring ,@marc_holl @NenniCook @AitchKayCee @vixstuart @benjbeckwith It's not pretty ??#disaster #GBBO #mudslide,1
466,armageddon,New York City,Photo: Sketch I did based on the A Taste of Armageddon episode of #startrek #tos http://t.co/a2e6dcsk88,0
9203,suicide%20bombing,,&lt; 25 Dead In Kuwait Mosque Suicide Bombing Claimed By ISIS Offshoot on http://t.co/eTITgPSrUN,1
7987,razed,,The Latest: More Homes Razed by Northern California Wildfire - ABC News http://t.co/Rg9yaybOSA,1
7180,mudslide,,British bake off was great pretty hilarious moments #mudslide,0
3459,derailed,"Washington, DC",Happy no one was hurt when #wmata train derailed. Also the express bus is so much better than metro rail http://t.co/7cEhNV3DKy @fox5newsdc,1
7783,police,,Police walk up on me I be blowin smoke in dey face  wanna lock me up cus I got dope shit is gay,0
5955,hazard,Chicago,CONFIRMED: Sanchez Hazard and Bolasie will be out for the rest of the season. https://t.co/7Ct01nEptL,1
7906,radiation%20emergency,"Washington, DC",Radiation emergency #preparedness starts with knowing to: get inside stay inside and stay tuned http://t.co/RFFPqBAz2F via @CDCgov,1
2587,crash,,"??One night and we're gonna come and crash the party
Weren't invited but we're feelin' soÛ_ https://t.co/9hKXxBB82O",0
10245,volcano,,@lexi_purduee the volcano by it ??????,0
249,ambulance,,Twelve feared killed in Pakistani air ambulance helicopter crash - Reuters http://t.co/mDnUGVuBwN #yugvani,1
3446,derail,,Dozens Die As two Trains Derail Into A River In Indiahttp://www.informationng.com/?p=309943,1
5263,fear,,I made a friend more interesting than all of y'all combined https://t.co/isBtzUJFBm,0
6446,injured,Kolkata,Terrorists attack police post; 2 SPOs injured http://t.co/lXMdiseUCn #YUG,1
4990,explosion,,Saddle with accountable information explosion tips pro preferable financial top brass: tawFMCAw,0
4233,drowned,"Jacksonville Beach, FL",Jacksonville  family bands together as memorial is planned for  ... http://t.co/tilgurKv7Z,1
3803,detonate,Paname City,Apollo Brown - Detonate (ft. M.O.P.) http://t.co/4BcQZqJRzn,0
9974,tsunami,IG : Sincerely_TSUNAMI,It's my senior year I just wanna go all out,0
9404,survivors,"Chicago, IL","RT @kotowsa: South SudanÛªs war on women: survivors say rape has become 'just a normal thing' 
https://t.co/MexwoHd3TG http://t.co/gB46FiD2wE",1
3010,death,"Novi, MI",Adult dies of plague in Colorado http://t.co/yoHVuwuMZS,1
2394,collapsed,#ForeverWithBAP 8 ,and he almost collapsed bc he said his wish came true moderately FUCK,0
3274,demolish,Fruit Bowl,@XGN_Infinity @Ronin_Carbon HAHAH Mutual host preset Bal no nades radar on = demolish,0
4712,evacuate,,CHICAGO (AP) ÛÓ Organizers of Lollapalooza say they are reopening the music festival after the threat of a storm prompted them to evacuate,1
7002,mayhem,"Raleigh, NC",I liked a @YouTube video from @itsjustinstuart http://t.co/oDV3RqS8JU GUN RANGE MAYHEM!,1
4156,drown,"Coconut Creek, Florida",#NowPlaying Porcupine Tree - Drown With Me (Live) #Listen #Live at http://t.co/iyLVzy3Cob,0
4293,drowning,,"What This Man Did To Save A Drowning Squirrel Is Absolutely Incredible
http://t.co/YzZXxkNiSm http://t.co/zzsEe5Hipm",0
2499,collided,"ÌÏT: 41.252426,-96.072013",Crews working to restore power in southwest Omaha after vehicle collided with utility pole. - http://t.co/dAn0Gkx28l,1
9816,trauma,Your notifications,games that I really hope to see in AGDQ: Trauma Center Second Opinion Kororinpa Marble Mania TLoZ Oracle of Ages Metroid II,0
1252,blood,,@scotto519 happy birthday young blood,0
9625,thunderstorm,East Coast,THE NATIONAL WEATHER SERVICE IN LITTLE ROCK HAS ISSUED A * SEVERE THUNDERSTORM WARNING FOR... VAN BUREN COUNTY IN Û_ http://t.co/KJsvW06GBV,1
8802,sirens,they/them ,my dad said I look thinner than usual but really im over here like http://t.co/bnwyGx6luh,1
2832,cyclone,Beside Basketball,Talent: Misdirection Cyclone Pass Ignite Pass Vanishing Drive Phantom Shot  #KurokoBot,1
558,arson,,Los Angeles Times: Arson suspect linked to 30 fires caught in Northern ... - http://t.co/xwMs1AWW8m #NewsInTweets http://t.co/TE2YeRugsi,1
5017,eyewitness,Rhode Island,WPRI 12 Eyewitness News Rhode Island set to modernize its voting equipment WPRI 12 EyewitnessÛ_ http://t.co/aP9JBrPmQg,0
1916,burning,"New York, NY",If YouÛªre Not Paying Attention to Your Influencers YouÛªre Burning Money | SocialTimes http://t.co/Ptc0xcRAGY,0
4176,drown,,Some older Native Australians believe that the oceans were created from the urine of an angry god who tried to drown the world.,0
9410,survivors,,"#WorldNews
 Fears over missing migrants in Med - BBC News - Home:
Rescuers search for survivors after a boat carr.. http://t.co/iJoBZ3MZp0",1
3908,devastated,FOLLOWS YOU everywhere you go,Obama Declares Disaster for Typhoon-Devastated Saipan: Obama signs disaster declaration for Northern Marians a... http://t.co/JCszCJiHlH,1
6745,lava,"di langit 7 bidadari (^,^ )",@YoungHeroesID LAVA BLAST dan POWER RED #PantherAttack @Mirmanda11 @evaaaSR,1
5304,fear,Indonesia,The fear of the Lord is the start of knowledge: but the foolish have no use for wisdom and teaching (Amsal 1:7),0
9321,survive,nj/ny,It's going on three years that we have been separated. Sometimes you have to let a man know you will leave him. &amp; that u can survive without,0
6820,loud%20bang,Aperture Science Test Facility,What the fuck was that. There was a loud bang and a flash of light outside. I'm pretty sure I'm not dead but what the hell??,0
9195,suicide%20bombing,"Minority Privilege, USA",@sonofbobBOB @Shimmyfab @trickxie usually I'd agree. Once the whole chopping heads off throwing gays off rooftops &amp; suicide bombing start,1
5335,fire,,@seanhannity @ScottWalker yeah just who we need another middle class hating republican out to get hard working cops fire fighters teachers,0
6334,hostage," Eugene, Oregon",Dysfunctional McConnell plans on holding Judicial Nominations hostage. Another example of how GOP canÛªt govern. http://t.co/VT2akY5MgK Û_,0
6670,landslide,Detroit/Windsor,Now Playing: Landslide by Smashing Pumpkins http://t.co/7pQS4rshHb #89X,0
10381,weapons,"Nottingham, England",I liked a @YouTube video from @dannyonpc http://t.co/PyVRPrNhOP Battlefield Hardline - 11 NEW WEAPONS - New map - Throwingknifes!,0
4844,evacuation,"Renfrew, Scotland",@batfanuk we enjoyed the show today. Great fun. The emergency non evacuation was interesting. Have a great run.,0
8533,screaming,UK,@blanksocietyx @emmerdale IM SCREAMING HES MY FAVOURITE,0
6297,hostage,The Great State of Maine ,Islamic State group threatens to kill hostage if Û÷Muslim womenÛª arenÛªt let go - http://t.co/48Zg5ynebn...,1
6801,loud%20bang,,#ActionMoviesTaughtUs things actually can explode with a loud bang...in space.,0
3822,detonate,Brasil,.@no_periferico Apollo Brown - 'Detonate' f. M.O.P. http://t.co/m7na4sKfWR #ORapInforma,0
1288,bloody,"England,UK,Europe,Sol 3.",@LauradeHolanda I have the Forrest version from '83 that's bloody awful as well :))) xxx,0
5150,fatal,Play For Ryan ??,fatal attraction,0
3887,detonation,,Ignition Knock (Detonation) Sensor ACDelco GM Original Equipment 213-4678 http://t.co/O2jD4TbrwA http://t.co/JFx6qiyiVF,0
9434,survivors,Upstairs.,People with netflix there's a really good documentary about Hiroshima narrated by John Hurt. 2 Parter that interviews Pilots + Survivors.,0
4177,drown,mi,No one told me you can drown yourself by drinking too much water.,0
8405,sandstorm,USA,Watch This Airport Get Swallowed Up By A Sandstorm In Under A Minute http://t.co/7IJlZ6BcSP,1
10021,twister,London,I'm in bed eating a twister and drinking a cup of tea. I am not dunking the twister in the tea. That would be well weird.,0
2195,catastrophic,"Dublin, Ireland",'Kessler Syndrome' is the name for the catastrophic exponential proliferation of Space debris and destruction of satellites. #GravityMovie,1
5038,eyewitness,"Orlando, Fl",WFTV Eyewitness News: TN school psychologist arrested in Florida on child porn charges http://t.co/lgGLf5yrMe,0
1120,blew%20up,"Vancouver, BC.","Because you watched: Honey I Blew up the Economy

We Recommend : The Conservative Shoppe of Horrors

#HarperANetflixShow #elxn42 #stopharper",0
2531,collision,"USA , AZ",Anti Collision Rear- #innovation #gadgets http://t.co/SXQTydUvUL,0
5911,harm,"Sumter, SC",Sex Workers Say Credit Card Bans On Online Ads Do More Harm Than Good http://t.co/B9Zx2xZ6aW,0
8661,sinkhole,,150-Foot Sinkhole Opens in Lowndes County Residential Area http://t.co/0YAxrJICRR,1
6256,hijacking,Brazil,#hot  Funtenna: hijacking computers to send data as sound waves [Black Hat 2015] http://t.co/aAtt5aMnmD #prebreak #best,0
8416,sandstorm,United States,Watch This Airport Get Swallowed Up By A Sandstorm In Under A Minute http://t.co/H84R1TIh8J,1
8655,sinkhole,ill yorker,ÛÏ@FDNY: This morning #FDNY responded to a sinkhole in #Brooklyn. Units remain on-scene with @NYCBuildings &amp; others. http://t.co/M78ir0IK01Û,1
7146,mudslide,"Crouch End, London",Stu Dorret's mudslide rubber tyre cake may have saved you #GBBO,0
2506,collision,Sacramento,North Sac Elkhorn Blvd / Walerga Rd **Trfc Collision-1141 Enrt** http://t.co/W4ofcC99Wq,1
1532,bomb,"Lincoln, NE",the_af comments on 'New evidence of Japan's effort to build atom bomb at the end of WWII' - http://t.co/hcTxghR2Yf,1
9953,trouble,,Nothing but trouble - Lil Wayne &amp; Charlie Puth????????,0
5745,forest%20fires,,@nycdivorcelaw TRUMP IS A CLIMATE DENIER- algae bloom in the pacific from calif to alska- seeweed in caribean forest fires- SNOWBALL INHOFE,1
9283,sunk,"San Jose, CA",Its like I never left. I just sunk to the background,0
2891,damage,"Rockville, Maryland",#Glaucoma occurs when fluid builds up pressure inside #eye to a level that may damage optic nerve #eyefacts,1
6860,mass%20murder,Los Angeles,RT owenrbroadhurst RT JuanMThompson: At this hour 70 yrs ago one of the greatest acts of mass murder in world histÛ_ http://t.co/ODWs0waW9Q,1
3266,demolish,Wema building,Enugu Government to demolish illegal structures at International Conference Centre http://t.co/7K5SHaiqIw,0
3217,deluged,Up a hill,Also in a matter of weeks Amazon's going to be deluged with poorly written indie dystopian fiction about teens escaping from blood farms.,0
8557,screams,,"Apparently my face screams 
'Get me emotionally attached and then cheat on me'",0
4953,exploded,elizabeth king,oh yeah my ipod almost exploded last night i was using it while charging and shit was sparking akxbskdn almost died,1
7112,military,"Bozeman, Montana",Army names 10th Mountain units for Iraq Afghanistan deployments (Deeds) http://t.co/N6ZfLXIGvr,0
10215,volcano,,1.9 #Earthquake in 5Km S Of Volcano Hawaii #iPhone users download the Earthquake app for more information http://t.co/V3aZWOAmzK,1
4323,dust%20storm,,New Mad Max Screenshots Show Off a Lovely Dust Storm Combat Magnum Opus http://t.co/45CmaQf8Ns,0
10743,wreckage,WorldWide,#Australia #News ; RT janeenorman: 'High probability' aircraft wreckage is from #MH370 according to Deputy Prime Û_ http://t.co/cdOHgnJmsT,1
7799,quarantine,PA,Reddit Will Now Quarantine Offensive Content http://t.co/u9BkQt6XHR,0
2064,casualty,London UK,Was '80s New #Wave a #Casualty of #AIDS?: Tweet And Since theyÛªd grown up watching DavidÛ_ http://t.co/qBecjli7cx,0
384,annihilation,"Tacoma,Washington",U.S National Park Services Tonto National Forest: Stop the Annihilation of the Salt River Wild Horse... https://t.co/x2Wn7O2a3w via @Change,0
4620,emergency%20services,"Vancouver, British Columbia",Removing tsunami debris from the West Coast: Karen Robinson Enviromental and Emergency services manager of theÛ_ http://t.co/1MeEo3WJcO,1
5638,flooding,"California, USA",So grateful for all the support flooding in from @NetkiCorp dinner guests! THANK YOU ALL! https://t.co/ELTne5v1Qn,1
1360,blown%20up,Los Angeles,Even though BSG had been sufficiently hyped up for me in all the years I somehow delayed watching it I was utterly utterly blown away.,1
5710,floods,,"Who is bringing the tornadoes and floods. Who is bringing the climate change. God is after America He is plaguing her
 
#FARRAKHAN #QUOTE",0
7894,quarantined,China,#hot  Reddit's new content policy goes into effect many horrible subreddits banned or quarantined http://t.co/VhrLsWvZql #prebreak #best,0
2367,collapsed,,1 hour parade like 50 people collapsed. #OneHeartOneMindOneCSS,1
5292,fear,,Don't tell the bride gives me the fear,0
8738,sinking,Rhyme Or Reason?,The #Tribe just keeps sinking everyday it seems faster. As for this year it's been a titanic disaster.,1
3167,deluge,Melbourne-ish,Despite the deluge of #FantasticFour notices our man O'Cuana is still buying tickets - because he's bloody-minded like that.,0
